,title,first_name,last_name,email,org,specialty
0,University of Connecticut Program,Jane,Wright,jawright@uchc.edu,Univ of Connecticut Health Ctr,Anesthesiology
1,University of Connecticut Program,Shanice,Lynch,anesthesiaresidencyprogram@hhchealth.org,Quinnipiac Univ Frank H Netter MD Sch of,Anesthesiology
2,University of Connecticut Program,Debra,Schmidt,debra.schmidt@yale.edu,Yale-New Haven Med Ctr,Anesthesiology
3,University of Connecticut Program,Shavon,Paul,spaul5@bidmc.harvard.edu,Beth Israel Deaconess Med Ctr,Anesthesiology
4,University of Connecticut Program,Elizabeth,Colston,elizabeth.colston@bmc.org,Boston Medical Center,Anesthesiology
5,University of Connecticut Program,Chris-ann,Walker,chris-ann.walker@tuftsmedicine.org,Tufts Med Ctr,Anesthesiology
6,University of Connecticut Program,Cynthia,O'Donnell,codonnell7@bwh.harvard.edu,Brigham and Women's Hosp,Anesthesiology
7,University of Connecticut Program,Michelle,Shields,michelle.shields@bmc.org,St Elizabeth's Med Ctr,Anesthesiology
8,University of Connecticut Program,Alicja,Martins,ether@mgh.harvard.edu,Massachusetts General Hosp,Anesthesiology
9,University of Connecticut Program,Michelle,DeBenedetto,anesthesiaresidency@lahey.org,Lahey Hosp and Med Ctr,Anesthesiology
10,University of Connecticut Program,Maria,Lopez,maria.lopez@baystatehealth.org,Baystate Med Ctr,Anesthesiology
11,University of Connecticut Program,Myles,Asensoh,myles.asensoh@umassmed.edu,UMass Chan Med Sch,Anesthesiology
12,University of Connecticut Program,James,Flowerdew,james.flowerdew@spectrumhcp.com,Maine Med Ctr,Anesthesiology
13,University of Connecticut Program,Billie,Bruno,billie.jean.bruno@hitchcock.org,Dartmouth-Hitchcock Med Ctr,Anesthesiology
14,University of Connecticut Program,Merrill,Caramagno,buarp@lifespan.org,Rhode Island Hospital,Anesthesiology
15,University of Connecticut Program,Jes,Mattson,anesthesiologygme@uvmhealth.org,Univ of Vermont Med Ctr,Anesthesiology
16,Cooper Medical School of Rowan University/Cooper University Hospital Program,Michele,Nichols,nichols-michele@cooperhealth.edu,Cooper Univ Hosp,Anesthesiology
17,Cooper Medical School of Rowan University/Cooper University Hospital Program,Priscilla,Akpatsu,priscilla.akpatsu@hmhn.org,Hackensack Univ Med Ctr,Anesthesiology
18,Cooper Medical School of Rowan University/Cooper University Hospital Program,Michelle,Torres-Avelar,Michelle.TorresAvelar@hmhn.org,Jersey Shore University Medical Center,Anesthesiology
19,Cooper Medical School of Rowan University/Cooper University Hospital Program,Doreen,Stillwell,doreen.stillwell@rutgers.edu,Rutgers Robert Wood Johnson Med Sch,Anesthesiology
20,Cooper Medical School of Rowan University/Cooper University Hospital Program,Lisa,Chappelle,chappeld@njms.rutgers.edu,Rutgers-New Jersey Med Sch,Anesthesiology
21,Cooper Medical School of Rowan University/Cooper University Hospital Program,Casey,Glover,CGlover@PrimeHealthcare.com,St Mary's General Hospital,Anesthesiology
22,Cooper Medical School of Rowan University/Cooper University Hospital Program,Katherine,Morales,moralesk@sjhmc.org,St Joseph's Univ Med Ctr,Anesthesiology
23,Cooper Medical School of Rowan University/Cooper University Hospital Program,Regina,Miner,minerr@amc.edu,Albany Med Ctr,Anesthesiology
24,Cooper Medical School of Rowan University/Cooper University Hospital Program,Dianne,Hummel,dhummel@northwell.edu,South Shore Univ Hosp,Anesthesiology
25,Cooper Medical School of Rowan University/Cooper University Hospital Program,Debbie,Lopez,deblopez@montefiore.org,Montefiore Med Ctr,Anesthesiology
26,Cooper Medical School of Rowan University/Cooper University Hospital Program,Deborah,Roman,droman@maimo.org,Maimonides Med Ctr,Anesthesiology
27,Cooper Medical School of Rowan University/Cooper University Hospital Program,Alexandra,Alger,rwd9003@nyp.org,NYP Brooklyn Methodist Hospital,Anesthesiology
28,Cooper Medical School of Rowan University/Cooper University Hospital Program,Jackie,Dowling,jacqueline.dowling@downstate.edu,SUNY Downstate Health Sciences Universit,Anesthesiology
29,Cooper Medical School of Rowan University/Cooper University Hospital Program,Brittany,Bukoski,bbarber@buffalo.edu,Univ at Buffalo Sch of Med,Anesthesiology
30,Cooper Medical School of Rowan University/Cooper University Hospital Program,Shoy,Henry,shenry23@northwell.edu,Long Island Jewish Med Ctr,Anesthesiology
31,Cooper Medical School of Rowan University/Cooper University Hospital Program,Caridad,Cosme,caridad.cosme@nychhc.org,NYC Health+Hosps/Metropolitan,Anesthesiology
32,Cooper Medical School of Rowan University/Cooper University Hospital Program,Brandie,Cradle,bc3110@cumc.columbia.edu,NewYork-Presbyterian/Columbia Univ Med C,Anesthesiology
33,Cooper Medical School of Rowan University/Cooper University Hospital Program,Loranni,Hernandez,loranni.hernandez@mountsinai.org,Mount Sinai/Morningside-West,Anesthesiology
34,Cooper Medical School of Rowan University/Cooper University Hospital Program,Lisa,Cabrera,lcabrera@med.cornell.edu,NewYork-Presbyterian/Weill Cornell Med C,Anesthesiology
35,Cooper Medical School of Rowan University/Cooper University Hospital Program,Madeline,Cruz Felix,madeline.cruz@mountsinai.org,Mount Sinai Med Ctr,Anesthesiology
36,Cooper Medical School of Rowan University/Cooper University Hospital Program,Christina,Lee,christina.lee@nyulangone.org,NYU Grossman Sch of Med,Anesthesiology
37,Cooper Medical School of Rowan University/Cooper University Hospital Program,Keylen,Cerda,keylen.cerda@nuvancehealth.org,Vassar Brothers Hosp,Anesthesiology
38,Cooper Medical School of Rowan University/Cooper University Hospital Program,Alyssa,Tesch,alyssa_tesch@urmc.rochester.edu,Univ of Rochester Med Ctr,Anesthesiology
39,Cooper Medical School of Rowan University/Cooper University Hospital Program,Tayla,Marum,tmarum@northwell.edu,Staten Island University Hospital,Anesthesiology
40,Cooper Medical School of Rowan University/Cooper University Hospital Program,Sharri,Fassberger,sharri.fassberger@stonybrookmedicine.edu,Stony Brook University Medical Center,Anesthesiology
41,University of Illinois College of Medicine at Chicago Program,Michelle,Lopez Nunez,mlopez96@uic.edu,Univ of Illinois at Chicago,Anesthesiology
42,University of Illinois College of Medicine at Chicago Program,Theresa,Cumming,tcumming@bsd.uchicago.edu,Univ of Chicago Med Ctr,Anesthesiology
43,University of Illinois College of Medicine at Chicago Program,Kaitlynn,Delvalle,kaitlynn.delvalle@cookcountyhhs.org,Stroger Hosp of Cook County,Anesthesiology
44,University of Illinois College of Medicine at Chicago Program,Natasia,Bongcas,natasia.bongcas@aah.org,Advocate Illinois Masonic Med Ctr,Anesthesiology
45,University of Illinois College of Medicine at Chicago Program,Sean,Jones,sejones@nm.org,McGaw Med Ctr Northwestern Univ,Anesthesiology
46,University of Illinois College of Medicine at Chicago Program,Theresa,Orozco,theresa_m_orozco@rush.edu,Rush Univ Med Ctr,Anesthesiology
47,University of Illinois College of Medicine at Chicago Program,Jennifer,Kuttenberg,jkutten@lumc.edu,Loyola Univ Med Ctr,Anesthesiology
48,University of Illinois College of Medicine at Chicago Program,Christy,Perrow,cvince@uic.edu,Univ of Illinois Coll of Med at Peoria,Anesthesiology
49,University of Illinois College of Medicine at Chicago Program,Anita,Batza,inindanesthesiaresidency@ascension.org,Ascension St Vincent Hospital Indianapol,Anesthesiology
50,University of Illinois College of Medicine at Chicago Program,Belinda,Sanborn,anesres@iu.edu,Indiana Univ Sch of Med,Anesthesiology
51,University of Illinois College of Medicine at Chicago Program,Samuel,Rentsch,srentsch@med.umich.edu,Univ of Michigan Michigan Med,Anesthesiology
52,University of Illinois College of Medicine at Chicago Program,Shelly,Salliotte,michelle.salliotte@ascension.org,Ascension St John Hospital,Anesthesiology
53,University of Illinois College of Medicine at Chicago Program,Beth,Bond,bbond2@hfhs.org,Henry Ford Hosp,Anesthesiology
54,University of Illinois College of Medicine at Chicago Program,Monica,Hoopingarner,mhooping@med.wayne.edu,Harper Univ Hosp,Anesthesiology
55,University of Illinois College of Medicine at Chicago Program,Sharon,Potvin,sharon.potvin@mclaren.org,McLaren Flint,Anesthesiology
56,University of Illinois College of Medicine at Chicago Program,Teresa,Lenton,teresa.lenton@mclaren.org,McLaren-Greater Lansing,Anesthesiology
57,University of Illinois College of Medicine at Chicago Program,Tiffany,Lopez,hr9039@wayne.edu,Trinity-Health Oakland,Anesthesiology
58,University of Illinois College of Medicine at Chicago Program,Sheela,John,sheela.john@mclaren.org,McLaren Oakland,Anesthesiology
59,University of Illinois College of Medicine at Chicago Program,Theresa,Marcus,theresa.marcus@corewellhealth.org,Corewell Health East-Royal Oak,Anesthesiology
60,University of Illinois College of Medicine at Chicago Program,Donna,Benesch,donna.benesch@uc.edu,Univ of Cincinnati,Anesthesiology
61,University of Illinois College of Medicine at Chicago Program,Christine,Adamovich,christine.adamovich@uhhospitals.org,Univ Hosps Cleveland Med Ctr,Anesthesiology
62,University of Illinois College of Medicine at Chicago Program,Shannon,Fujimura,sfujimura@metrohealth.org,MetroHealth Med Ctr,Anesthesiology
63,University of Illinois College of Medicine at Chicago Program,Heather,Renz,aned@ccf.org,Cleveland Clinic,Anesthesiology
64,University of Illinois College of Medicine at Chicago Program,Sydney,Truett,sydney.truett@ohiohealth.com,Doctors Hosp/OhioHealth,Anesthesiology
65,University of Illinois College of Medicine at Chicago Program,Taylor,Stein,taylor.stein@osumc.edu,Ohio State University Wexner Medical Cen,Anesthesiology
66,University of Iowa Hospitals and Clinics Program,Tammi,Steffen,tammi-steffen@uiowa.edu,Univ of Iowa Hosps and Clinics,Anesthesiology
67,University of Iowa Hospitals and Clinics Program,Heather,Gorman,AnesthesiaEducationTeamKC@kumc.edu,Univ of Kansas Med Ctr,Anesthesiology
68,University of Iowa Hospitals and Clinics Program,Megan,Souter,anesthe1@kumc.edu,Ascension Via Christi St Francis,Anesthesiology
69,University of Iowa Hospitals and Clinics Program,Becky,Allard,allar104@umn.edu,Univ of Minnesota,Anesthesiology
70,University of Iowa Hospitals and Clinics Program,Allison,Anderson,anderson.allison4@mayo.edu,Coll of Med Mayo Clinic,Anesthesiology
71,University of Iowa Hospitals and Clinics Program,Beth,Shepard,shepardb@health.missouri.edu,Univ of Missouri Hosp and Clinics,Anesthesiology
72,University of Iowa Hospitals and Clinics Program,Lisa,Young,lyoung@saint-lukes.org,St Luke's Hosp,Anesthesiology
73,University of Iowa Hospitals and Clinics Program,Erin,Wood,erin.wood@wustl.edu,Washington Univ Med Ctr,Anesthesiology
74,University of Iowa Hospitals and Clinics Program,Deborah,Myers,deborah.myers@slucare.ssmhealth.com,SSM Health/St Louis Univ Sch of Med,Anesthesiology
75,University of Iowa Hospitals and Clinics Program,Shelly,McCaffrey,smccaffr@unmc.edu,Univ of Nebraska Med Ctr,Anesthesiology
76,MedStar Health/Georgetown University Hospital Program,Alexis,Williamson,alexis.n.williamson@medstar.net,Georgetown Univ Hosp,Anesthesiology
77,MedStar Health/Georgetown University Hospital Program,Inga,Ricks,ilr1@gwu.edu,George Washington Univ Hosp,Anesthesiology
78,MedStar Health/Georgetown University Hospital Program,Lisa,Huseby,Lisa.Huseby@hcahealthcare.com,HCA Florida Healthcare/USF Morsani Colle,Anesthesiology
79,MedStar Health/Georgetown University Hospital Program,Tammy,Bleeker,recruitment@anest.ufl.edu,Univ of Florida Coll of Med,Anesthesiology
80,MedStar Health/Georgetown University Hospital Program,Daniel,Crites,daniel.crites@jax.ufl.edu,Univ of Florida Coll of Med-Jacksonville,Anesthesiology
81,MedStar Health/Georgetown University Hospital Program,Taylor,Ludwig,ludwig.taylor@mayo.edu,Mayo Clinic Jacksonville,Anesthesiology
82,MedStar Health/Georgetown University Hospital Program,Belinda,Swift,belinda.swift@hcahealthcare.com,HCA Healthcare Kendall Hosp,Anesthesiology
83,MedStar Health/Georgetown University Hospital Program,Jackie,Reyes,jreyes6@miami.edu,Jackson Memorial Hosp,Anesthesiology
84,MedStar Health/Georgetown University Hospital Program,Italia,Smith-Green,ismith@msmc.com,Mount Sinai Med Ctr Florida,Anesthesiology
85,MedStar Health/Georgetown University Hospital Program,Tracy,Sylver Morrison,tracy.sylver@hcahealthcare.com,HCA Florida Ocala Hosp,Anesthesiology
86,MedStar Health/Georgetown University Hospital Program,Simona,Torkel,simona.torkel@adventhealth.com,601 E Rollins St,Anesthesiology
87,MedStar Health/Georgetown University Hospital Program,Craig,Scott,cscott@mhs.net,Memorial Healthcare System,Anesthesiology
88,MedStar Health/Georgetown University Hospital Program,Arniece,Gutierrez,arniece.gutierrez@hcahealthcare.com,Westside Hosp,Anesthesiology
89,MedStar Health/Georgetown University Hospital Program,Yvonne,Charet,michele_dunham@teamhealth.com,University of South Florida Morsani Coll,Anesthesiology
90,MedStar Health/Georgetown University Hospital Program,Rocio,Garcia-Lantigua,garciar9@ccf.org,Cleveland Clinic Florida,Anesthesiology
91,MedStar Health/Georgetown University Hospital Program,Chanta,Randall,clhuff@emory.edu,Emory Univ Sch of Med,Anesthesiology
92,MedStar Health/Georgetown University Hospital Program,Kimberly,Curtis,kcurtis@augusta.edu,Med Coll of Georgia/Augusta Univ,Anesthesiology
93,MedStar Health/Georgetown University Hospital Program,Pamela,McCain,anesresfellcoor@som.umaryland.edu,Univ of Maryland Med Ctr,Anesthesiology
94,MedStar Health/Georgetown University Hospital Program,Andrea,Abiamiri,aabiamiri@jhmi.edu,Johns Hopkins University School of Medic,Anesthesiology
95,MedStar Health/Georgetown University Hospital Program,Thorell,Jordan,thorell.jordan@usuhs.edu,Walter Reed National Military Med Ctr,Anesthesiology
96,MedStar Health/Georgetown University Hospital Program,Amy,Argot,amy.argot@tidalhealth.org,TidalHealth Peninsula Regional,Anesthesiology
97,MedStar Health/Georgetown University Hospital Program,Elizabeth,Aguero,uncanesthesiology-residency@aims.unc.edu,Univ of North Carolina Hosps,Anesthesiology
98,MedStar Health/Georgetown University Hospital Program,Chastity,Mclendon,chastity.mclendon@duke.edu,Duke Univ Med Ctr,Anesthesiology
99,MedStar Health/Georgetown University Hospital Program,Sherri,Keith,skeith@wakehealth.edu,Wake Forest Univ Sch of Med,Anesthesiology
100,MedStar Health/Georgetown University Hospital Program,Erin,Meyer,meyereri@musc.edu,Med Univ of South Carolina,Anesthesiology
101,University of Alabama Medical Center Program,Celia,Keenan,celiakeenan@uabmc.edu,Univ of Alabama Med Ctr,Anesthesiology
102,University of Alabama Medical Center Program,Stacey,Sindelar,stacey.sindelar@uky.edu,Univ of Kentucky,Anesthesiology
103,University of Alabama Medical Center Program,Kim,Buckner,kim.buckner@louisville.edu,Univ of Louisville Hosp,Anesthesiology
104,University of Alabama Medical Center Program,Andrea,Applin,acreel@umc.edu,Univ of Mississippi Med Ctr,Anesthesiology
105,University of Alabama Medical Center Program,Peggy,Hoskins,phoskins@utmck.edu,Univ of Tennessee Graduate Sch of Med,Anesthesiology
106,University of Alabama Medical Center Program,Renee,Farrell,vfarrell@uthsc.edu,Univ of Tennessee Health Science Ctr,Anesthesiology
107,University of Alabama Medical Center Program,Lisa,Mcintosh,lisa.r.mcintosh@vumc.org,Vanderbilt Univ Med Ctr,Anesthesiology
108,University of Arkansas for Medical Sciences (UAMS) College of Medicine Program,Mary Beth,Gresham,mbgresham@uams.edu,Univ of Arkansas for Med Sciences,Anesthesiology
109,University of Arkansas for Medical Sciences (UAMS) College of Medicine Program,Lana,Schiro,laschiro@ochsner.org,Ochsner Med Ctr,Anesthesiology
110,University of Arkansas for Medical Sciences (UAMS) College of Medicine Program,Tracy,Carrero,tcarrero@tulane.edu,Tulane Univ Sch of Med,Anesthesiology
111,University of Arkansas for Medical Sciences (UAMS) College of Medicine Program,Lara,Guidry,lguid9@lsuhsc.edu,LSU Health Sciences Ctr New Orleans,Anesthesiology
112,University of Arkansas for Medical Sciences (UAMS) College of Medicine Program,Ben,Strickland,benjamin.strickland@lsuhs.edu,LSU Health Shreveport,Anesthesiology
113,University of Arkansas for Medical Sciences (UAMS) College of Medicine Program,Keri,Davis,keri-davis@ouhsc.edu,Univ of Oklahoma Health Sciences Ctr,Anesthesiology
114,University of Arkansas for Medical Sciences (UAMS) College of Medicine Program,Melanie,Calico,melanie.knight@okstate.edu,OSU Ctr for Health Sciences,Anesthesiology
115,University of Arkansas for Medical Sciences (UAMS) College of Medicine Program,Aretha,Caesar,anesresidency@utsouthwestern.edu,Univ of Texas Southwestern Med Ctr,Anesthesiology
116,University of Arkansas for Medical Sciences (UAMS) College of Medicine Program,Tracy,Gruber,tracy.l.gruber.civ@health.mil,Brooke Army Med Ctr,Anesthesiology
117,University of Arkansas for Medical Sciences (UAMS) College of Medicine Program,Kaylee,Jones,kaylee.jones@bswhealth.org,Baylor All Saints Med Ctr Fort Worth,Anesthesiology
118,University of Arkansas for Medical Sciences (UAMS) College of Medicine Program,Stannesha,Davis,srdavis@utmb.edu,Univ of Texas Med Branch,Anesthesiology
119,University of Arkansas for Medical Sciences (UAMS) College of Medicine Program,Alicia,Viney,resoffice@bcm.edu,Baylor Coll of Med,Anesthesiology
120,University of Arkansas for Medical Sciences (UAMS) College of Medicine Program,Marshandra,Cooper,marshandra.cooper@uth.tmc.edu,UT Health McGovern Med Sch,Anesthesiology
121,University of Arkansas for Medical Sciences (UAMS) College of Medicine Program,Eliamar,Saenz,esaenz@houstonmethodist.org,Houston Methodist Hosp,Anesthesiology
122,University of Arkansas for Medical Sciences (UAMS) College of Medicine Program,Lisa,Sechrist,lisa.sechrist@ttuhsc.edu,Texas Tech Univ HSC Lubbock,Anesthesiology
123,University of Arkansas for Medical Sciences (UAMS) College of Medicine Program,Javette,Dukes,dukesj@uthscsa.edu,Univ of Texas HSC San Antonio,Anesthesiology
124,University of Arkansas for Medical Sciences (UAMS) College of Medicine Program,Amy,Sanders,amy.sanders@bswhealth.org,Baylor Scott & White Health,Anesthesiology
125,University of Arkansas for Medical Sciences (UAMS) College of Medicine Program,Olivia,Simbler,anesthesiologyresidency@uthct.edu,University of Texas Health Science Cente,Anesthesiology
126,Mayo Clinic College of Medicine and Science (Phoenix) Program,Treene,Vito,vito.treene@mayo.edu,Mayo Clinic Hosp,Anesthesiology
127,Mayo Clinic College of Medicine and Science (Phoenix) Program,Trish,Angiulo,vangiulo@arizona.edu,Univ of Arizona Coll of Med-Tucson,Anesthesiology
128,Mayo Clinic College of Medicine and Science (Phoenix) Program,Tara,Boyle,tara.boyle@cuanschutz.edu,Univ of Colorado Sch of Med,Anesthesiology
129,Mayo Clinic College of Medicine and Science (Phoenix) Program,Alexis,Press,alexis.press@healthonecares.com,HCA HealthOne,Anesthesiology
130,Mayo Clinic College of Medicine and Science (Phoenix) Program,Rossela,Martinez,rossela@salud.unm.edu,Univ of New Mexico,Anesthesiology
131,Mayo Clinic College of Medicine and Science (Phoenix) Program,Almaz,Seltene,almaz.seltene@hcahealthcare.com,MountainView Hosp,Anesthesiology
132,Mayo Clinic College of Medicine and Science (Phoenix) Program,Katie,Snow,katie.snow@hsc.utah.edu,Univ of Utah Med Ctr,Anesthesiology
133,University of Puerto Rico Program,Luis,Ortiz,luis.ortiz8@upr.edu,Univ of Puerto Rico Med Science Campus,Anesthesiology
