,title,first_name,last_name,email,org,specialty
0,University of Connecticut Program,Laurie,Sprague,sprague@uchc.edu,Univ of Connecticut Health Ctr,Emergency Medicine
1,University of Connecticut Program,Lisa,Courtney,lisa.courtney@yale.edu,Yale-New Haven Health,Emergency Medicine
2,University of Connecticut Program,Shirley,Cole,shirley.cole@bmc.org,Boston Univ Med Ctr,Emergency Medicine
3,University of Connecticut Program,Katherine,Chappell,kchappell1@mgh.harvard.edu,Massachusetts General Hosp,Emergency Medicine
4,University of Connecticut Program,Nicole,McShane,nmcshane@bidmc.harvard.edu,Beth Israel Deaconess Med Ctr,Emergency Medicine
5,University of Connecticut Program,Kathleen,Diederich,kathleen.diederich@baystatehealth.org,Baystate Medial Ctr Inc,Emergency Medicine
6,University of Connecticut Program,Jeannine,Bottis,jeannine.bottis@umassmed.edu,UMass Chan Med Sch,Emergency Medicine
7,University of Connecticut Program,Jana,Ricker,janalicia.ricker@mainehealth.org,Maine Med Ctr,Emergency Medicine
8,University of Connecticut Program,Judy,Collins,judith.m.collins@hitchcock.org,Dartmouth-Hitchcock Med Ctr,Emergency Medicine
9,University of Connecticut Program,Angela,Sullivan,angela.sullivan@brownphysicians.org,Rhode Island Hosp,Emergency Medicine
10,University of Connecticut Program,Lynn,Pereira,lypereira@kentri.org,Kent Hospital,Emergency Medicine
11,University of Connecticut Program,Stephanie,Kell,stephanie.kell@uvmhealth.org,University of Vermont Medical Center,Emergency Medicine
12,Cooper Medical School of Rowan University/Cooper University Hospital Program,Graceann,Endicott,endicott-grace@cooperhealth.edu,Cooper Hosp-Univ Med Ctr,Emergency Medicine
13,Cooper Medical School of Rowan University/Cooper University Hospital Program,Emily,Garcia,emily.garcia@hmhn.org,Hackensack Univ Med Ctr,Emergency Medicine
14,Cooper Medical School of Rowan University/Cooper University Hospital Program,Nicole,Riley,nicole.riley2@atlantichealth.org,Morristown Med Ctr,Emergency Medicine
15,Cooper Medical School of Rowan University/Cooper University Hospital Program,Yvonne,Soto,sotoy@ihn.org,Inspira Health Network Mullica Hill,Emergency Medicine
16,Cooper Medical School of Rowan University/Cooper University Hospital Program,Nirali,Kelly,parikhni@rwjms.rutgers.edu,Rutgers Robert Wood Johnson Med Sch,Emergency Medicine
17,Cooper Medical School of Rowan University/Cooper University Hospital Program,Ronda,LubinJohnson,ronda.lubin@rwjbh.org,Newark Beth Israel Med Ctr,Emergency Medicine
18,Cooper Medical School of Rowan University/Cooper University Hospital Program,Eleanor,Hughes,eleanor.hughes@rutgers.edu,Rutgers New Jersey Med Sch,Emergency Medicine
19,Cooper Medical School of Rowan University/Cooper University Hospital Program,Eric,Steinberg,steinberge@sjhmc.org,St Joseph's Univ Med Ctr,Emergency Medicine
20,Cooper Medical School of Rowan University/Cooper University Hospital Program,Tiffany,Spires,tspires@capitalhealth.org,Capital Health,Emergency Medicine
21,Cooper Medical School of Rowan University/Cooper University Hospital Program,Francis,Mcfadgen,francis.mcfadgen@jefferson.edu,Jefferson Health East,Emergency Medicine
22,Cooper Medical School of Rowan University/Cooper University Hospital Program,Danette,Meyer,danette.meyer@rwjbh.org,Community Med Ctr,Emergency Medicine
23,Cooper Medical School of Rowan University/Cooper University Hospital Program,Brenda,Mulford,mulfordb@ihn.org,Inspira Health Network Vineland,Emergency Medicine
24,Cooper Medical School of Rowan University/Cooper University Hospital Program,Kara,Giglia,gigliak@amc.edu,Albany Med Ctr,Emergency Medicine
25,Cooper Medical School of Rowan University/Cooper University Hospital Program,Morgan,Farra,mfarra@northwell.edu,South Shore Univ Hosp-Northwell Health,Emergency Medicine
26,Cooper Medical School of Rowan University/Cooper University Hospital Program,Maria,Citera,maria.citera@chsli.org,St Joseph Hospital,Emergency Medicine
27,Cooper Medical School of Rowan University/Cooper University Hospital Program,Denise,Ortiz,dortiz3@sbhny.org,St Barnabas Hosp,Emergency Medicine
28,Cooper Medical School of Rowan University/Cooper University Hospital Program,Michael,Jones,michael.jones@nychhc.org,NYC Health+Hosp/Jacobi,Emergency Medicine
29,Cooper Medical School of Rowan University/Cooper University Hospital Program,Ina,Tamaldeo,ina.tamaldeo@nychhc.org,Lincoln Med and Mental Health Ctr,Emergency Medicine
30,Cooper Medical School of Rowan University/Cooper University Hospital Program,Brian,London,bel9052@nyp.org,NewYork-Presbyterian/Brooklyn Methodist,Emergency Medicine
31,Cooper Medical School of Rowan University/Cooper University Hospital Program,Graziella,Mannino,gmannino@maimo.org,Maimonides Med Ctr,Emergency Medicine
32,Cooper Medical School of Rowan University/Cooper University Hospital Program,Chelsea,Cole,chelsea.cole@downstate.edu,SUNY Downstate Med Ctr,Emergency Medicine
33,Cooper Medical School of Rowan University/Cooper University Hospital Program,Smitia,Semexant,ssemexant@bhmcny.org,Brookdale Univ Hosp and Med Ctr,Emergency Medicine
34,Cooper Medical School of Rowan University/Cooper University Hospital Program,Jesica,Torres,jgomez@wyckoffhospital.org,Wyckoff Heights Med Ctr,Emergency Medicine
35,Cooper Medical School of Rowan University/Cooper University Hospital Program,Gregory,Pearlman,pearlmag@nychhc.org,NYC Health+Hospital South Brooklyn Healt,Emergency Medicine
36,Cooper Medical School of Rowan University/Cooper University Hospital Program,Yolanda,Hayes,yhayes@tbh.org,The Brooklyn Hospital Center,Emergency Medicine
37,Rush University Medical Center Program,Julie,Mendez,julie_mendez@rush.edu,Rush Univ Med Ctr,Emergency Medicine
38,Rush University Medical Center Program,Leticia,Del Cerro,meded@schosp.org,Swedish Hosp,Emergency Medicine
39,Rush University Medical Center Program,Diane,Hill,dhill4@medicine.bsd.uchicago.edu,Univ of Chicago,Emergency Medicine
40,Rush University Medical Center Program,Kelsey,Bachtell,emedres@northwestern.edu,Northwestern Univ Feinberg Sch of Med,Emergency Medicine
41,Rush University Medical Center Program,Karolina,Marczewski,marczew2@uic.edu,Univ of Illinois Med Ctr,Emergency Medicine
42,Rush University Medical Center Program,Ethel,Lee,elee2@cookcountyhhs.org,Stroger Hosp of Cook County,Emergency Medicine
43,Rush University Medical Center Program,Teresa,Colon,teresa.colon@ascension.org,Ascension Resurrection,Emergency Medicine
44,Rush University Medical Center Program,Julie,Magallon,julie.magallon@luhs.org,Loyola Univ Med Ctr,Emergency Medicine
45,Rush University Medical Center Program,Elise,Lovell,elise.lovell@aah.org,Advocate Christ Med Ctr,Emergency Medicine
46,Rush University Medical Center Program,Sara,Cogswell,sara.cogswell@franciscanalliance.org,Franciscan Health-Olympia Fields,Emergency Medicine
47,Rush University Medical Center Program,Janet,Kupferschmid,kupster2@uic.edu,OSF St Francis Med Ctr,Emergency Medicine
48,Rush University Medical Center Program,Erin,Mauzy,emauzy52@siumed.edu,Southern Illinois Univ Sch of Med,Emergency Medicine
49,Rush University Medical Center Program,Dee,McCartney,emres@iu.edu,Indiana Univ Methodist Hosp,Emergency Medicine
50,Rush University Medical Center Program,Tonya,Thomas,emresidency@med.umich.edu,Michigan Med Univ of Michigan,Emergency Medicine
51,Rush University Medical Center Program,Susan,Wheeland,swheela1@hfhs.org,Henry Ford Macomb Hosp,Emergency Medicine
52,Rush University Medical Center Program,Nicole,Reid,nreid5@hfhs.org,Henry Ford Hospital,Emergency Medicine
53,Rush University Medical Center Program,Miayah,McCullough,miayah.mccullough95@wayne.edu,Sinai-Grace Hosp/Detroit Med Ctr,Emergency Medicine
54,Rush University Medical Center Program,Dawn Marie,Paczkowski,dawn.marie.paczkowski@ascension.org,Ascension St John Hospital,Emergency Medicine
55,Rush University Medical Center Program,Elizabeth,Dubey,edube@med.wayne.edu,Detroit Med Ctr/ Detroit Receiving Hosp,Emergency Medicine
56,Rush University Medical Center Program,UNKNOWN,UNKNOWN,UNKNOWN,UNKNOWN,Emergency Medicine
57,Rush University Medical Center Program,Andrea,Rogers,arogers3@primehealthcare.com,Garden City Hosp,Emergency Medicine
58,Rush University Medical Center Program,Jennifer,Dowd,jennifer.dowd@ascension.org,Ascension Genesys Hosp,Emergency Medicine
59,Rush University Medical Center Program,Kari,Kazen,kari.kazen@corewellhealth.org,Corewell Health/Michigan State Univ,Emergency Medicine
60,Rush University Medical Center Program,Jaylynn,Rivers,jrivers1@hfhs.org,Henry Ford Health Jackson,Emergency Medicine
61,Rush University Medical Center Program,Philip,Pazderka,emergmed@wmed.edu,WMU Homer Stryker MD Sch of Med,Emergency Medicine
62,Central Iowa Health System (Iowa Methodist/Iowa Lutheran) Program,Amanda,Coco,amanda.coco@unitypoint.org,Central Iowa Health System (Iowa Methodist/Iowa Lutheran},Emergency Medicine
63,Central Iowa Health System (Iowa Methodist/Iowa Lutheran) Program,Nikki,Hansen,nicole-hansen@uiowa.edu,University of Iowa Health Care,Emergency Medicine
64,Central Iowa Health System (Iowa Methodist/Iowa Lutheran) Program,Rebecca,Potter,rpotter2@kumc.edu,Univ of Kansas Hosp,Emergency Medicine
65,Central Iowa Health System (Iowa Methodist/Iowa Lutheran) Program,Mary,Hirschboeck,mary.hirschboeck@hcmed.org,Hennepin Healthcare,Emergency Medicine
66,Central Iowa Health System (Iowa Methodist/Iowa Lutheran) Program,Darcie,Skoda,emres@mayo.edu,Mayo Clinic,Emergency Medicine
67,Central Iowa Health System (Iowa Methodist/Iowa Lutheran) Program,Amy,Koonce,amy.e.koonce@healthpartners.com,HealthPartners Inst Regions Hosp,Emergency Medicine
68,Central Iowa Health System (Iowa Methodist/Iowa Lutheran) Program,Lindsey,Turner,umhsemermedrescoor1@health.missouri.edu,Univ of Missouri-Columbia Sch of Med,Emergency Medicine
69,Central Iowa Health System (Iowa Methodist/Iowa Lutheran) Program,Brenda,Barger-Saunders,bkbarger-saunders@freemanhealth.com,Freeman Hosp West,Emergency Medicine
70,Central Iowa Health System (Iowa Methodist/Iowa Lutheran) Program,Oskar,Ayala,oskar.ayala@uhkc.org,University Health,Emergency Medicine
71,Central Iowa Health System (Iowa Methodist/Iowa Lutheran) Program,Lindsey,Wasser,wasserl@wustl.edu,Washington Univ Med Ctr,Emergency Medicine
72,Central Iowa Health System (Iowa Methodist/Iowa Lutheran) Program,Wanda,Bailey-Gregory,wanda.baileygregory@slucare.ssmhealth.com,SSM Health Saint Louis Univ,Emergency Medicine
73,Central Iowa Health System (Iowa Methodist/Iowa Lutheran) Program,Angie,Alberico,angie.alberico@unmc.edu,Univ of Nebraska Med Ctr,Emergency Medicine
74,George Washington University Program,Julia,Plant,emedresidency@mfa.gwu.edu,George Washington Univ Med Ctr,Emergency Medicine
75,George Washington University Program,Tiana,Prout,tiana.c.prout@medstar.net,Georgetown/MedStar WHC,Emergency Medicine
76,George Washington University Program,Philip,Schmehl,philip_schmehl@bayhealth.org,Bayhealth Med Center,Emergency Medicine
77,George Washington University Program,Tempestt,Melton,tempestt.melton@christianacare.org,Christiana Care Health System,Emergency Medicine
78,George Washington University Program,Melissa,Lazare,melissa.lazare@hcahealthcare.com,HCA Florida Aventura Hosp,Emergency Medicine
79,George Washington University Program,Ashlyn,Nestor,emresidency@health.fau.edu,Bethesda Memorial Hosp,Emergency Medicine
80,George Washington University Program,Colleen,Stevens,colleen.stevens@hcahealthcare.com,HCA Florida Brandon Hosp,Emergency Medicine
81,George Washington University Program,Noemi,Szaro,Noemi.Szaro@hcahealthcare.com,Oak Hill Hosp,Emergency Medicine
82,George Washington University Program,Kim,Watkins,kim.watkins@hcahealthcare.com,HCA Florida North Florida Hosp,Emergency Medicine
83,George Washington University Program,Bich Giang,Nguyen,bichgianguyen@ufl.edu,Univ of Florida Coll of Med,Emergency Medicine
84,George Washington University Program,Mildred,Bautista,mildred.bautista@jax.ufl.edu,Univ of Florida Coll of Med-Jacksonville,Emergency Medicine
85,George Washington University Program,Latonda,Knight,emresidency@mylrh.org,Lakeland Regional Health,Emergency Medicine
86,George Washington University Program,Isabelle,St-Cyr,istcyr@jhsmiami.org,Jackson Memorial Hosp,Emergency Medicine
87,George Washington University Program,Liannys,Rojas,liannys.rojas@hcahealthcare.com,HCA Florida Kendall Hosp,Emergency Medicine
88,George Washington University Program,Cassandre,Jones,cassandre.jones@msmc.com,Mount Sinai Med Ctr Florida,Emergency Medicine
89,George Washington University Program,Desiree,Roman,desiree.roman@hcahealthcare.com,HCA Florida Ocala Hosp,Emergency Medicine
90,George Washington University Program,Michele,Stairs,michele.stairs@hcahealthcare.com,HCA Florida Orange Park Hosp,Emergency Medicine
91,George Washington University Program,Jenny,Seelochan,Jenny.Seelochan@hcahealthcare.com,Univ of Central Florida Coll of Med,Emergency Medicine
92,George Washington University Program,Delta,James,Delta.James@adventhealth.com,AdventHealth East Orlando Hosp,Emergency Medicine
93,George Washington University Program,Coleen,Alford,r-emres@orlandohealth.com,Orlando Health,Emergency Medicine
94,George Washington University Program,Chemene,Michel,chemichel@mhs.net,Memorial Healthcare System,Emergency Medicine
95,George Washington University Program,Nyshequa,Rainey,nyshequa.rainey@hcahealthcare.com,HCA Healthcare East Florida Div GME,Emergency Medicine
96,George Washington University Program,Johnet,Stewart,emresidency@browardhealth.org,Broward Health,Emergency Medicine
97,George Washington University Program,Desiree,Samuel,desiree.samuel@hcahealthcare.com,HCA Florida St Lucie Hospital,Emergency Medicine
98,George Washington University Program,Laura,Hogue,Laura-Hogue@smh.com,Sarasota Memorial Hosp,Emergency Medicine
99,University of Alabama Medical Center Program,Courtney,Rushing,crushing@uabmc.edu,Univ of Alabama at Birmingham Med Ctr,Emergency Medicine
100,University of Alabama Medical Center Program,Nikki,Reymundo,nrreymundo@health.southalabama.edu,Univ of South Alabama,Emergency Medicine
101,University of Alabama Medical Center Program,Kirsten,Morant,kirsten.morant@uky.edu,Univ of Kentucky Med Ctr,Emergency Medicine
102,University of Alabama Medical Center Program,Robin,Thixton,reroll01@louisville.edu,Univ of Louisville Sch of Med,Emergency Medicine
103,University of Alabama Medical Center Program,Jamie,Anderson,janderson2@mrhc.org,Magnolia Regional Health Ctr,Emergency Medicine
104,University of Alabama Medical Center Program,Roderick,Taylor,Roderick.Taylor@merithealthwesley.com,Merit Health Wesley,Emergency Medicine
105,University of Alabama Medical Center Program,Donna,Bridges,emresidency@umc.edu,Univ of Mississippi Med Ctr,Emergency Medicine
106,University of Alabama Medical Center Program,Velvet,Green,velvet.green@erlanger.org,Erlanger Med Ctr,Emergency Medicine
107,University of Alabama Medical Center Program,Tim,Fullen,tfullen1@uthsc.edu,Baptist Memorial Hospital,Emergency Medicine
108,University of Alabama Medical Center Program,Deb,Denton,emnashville@ascension.org,Univ of Tennessee Coll of Med,Emergency Medicine
109,University of Alabama Medical Center Program,Tammy,Tankersley,tammy.tankersley@vumc.org,Vanderbilt University Medical Center,Emergency Medicine
110,University of Alabama Medical Center Program,Rachel,Borsvold,rachel.borsvold@hcahealthcare.com,HCA Healthcare/TriStar Nashville,Emergency Medicine
111,University of Arkansas for Medical Sciences (UAMS) College of Medicine Program,Jonathan,White,emresidentadmin@uams.edu,Univ of Arkansas for Med Sciences,Emergency Medicine
112,University of Arkansas for Medical Sciences (UAMS) College of Medicine Program,Aubrey,Interior,aubrey.interior@unity-health.org,Unity Health-White County Med Ctr,Emergency Medicine
113,University of Arkansas for Medical Sciences (UAMS) College of Medicine Program,Marcy,Navarre,mnava1@lsuhsc.edu,LSU Health Baton Rouge,Emergency Medicine
114,University of Arkansas for Medical Sciences (UAMS) College of Medicine Program,Elizabeth,Leidinger,elizabeth.leidinger@ochsner.org,Ochsner Med Ctr,Emergency Medicine
115,University of Arkansas for Medical Sciences (UAMS) College of Medicine Program,Kathy,Whittington-Flot,klwhit@lsuhsc.edu,Univ Med Ctr New Orleans,Emergency Medicine
116,University of Arkansas for Medical Sciences (UAMS) College of Medicine Program,Julie,Glover,julie.glover@lsuhs.edu,LSU Health Shreveport,Emergency Medicine
117,University of Arkansas for Medical Sciences (UAMS) College of Medicine Program,Sharon,Smith,sharon.smith@ccmhhealth.com,Comanche County Memorial Hosp,Emergency Medicine
118,University of Arkansas for Medical Sciences (UAMS) College of Medicine Program,Amanda,Jessie,ajessie@nrh-ok.com,Norman Regional Health System,Emergency Medicine
119,University of Arkansas for Medical Sciences (UAMS) College of Medicine Program,Rachel,Vasquez,rachel.vasquez@integrishealth.org,Integris Southwest Med Ctr,Emergency Medicine
120,University of Arkansas for Medical Sciences (UAMS) College of Medicine Program,Bri'Anne,Walton,brianne.walton@okstate.edu,OSU Ctr for Health Sciences,Emergency Medicine
121,University of Arkansas for Medical Sciences (UAMS) College of Medicine Program,Melisa,Garner,melisa-garner@ouhsc.edu,OU Sch of Community Med,Emergency Medicine
122,University of Arkansas for Medical Sciences (UAMS) College of Medicine Program,Jamila,Kinebrew,jamila.kinebrew@medicalcityhealth.com,Med City Arlington,Emergency Medicine
123,University of Arkansas for Medical Sciences (UAMS) College of Medicine Program,Sakou,Faye,sakou.faye@ascension.org,Univ of Texas Austin Dell Med Sch,Emergency Medicine
124,University of Arkansas for Medical Sciences (UAMS) College of Medicine Program,Debra,Looper,debra.looper@christushealth.org,Christus Spohn Shoreline Hosp,Emergency Medicine
125,University of Arkansas for Medical Sciences (UAMS) College of Medicine Program,MacKenzie,Shinde,mackenzie.erwin@bswhealth.org,Baylor Univ Med Ctr,Emergency Medicine
126,University of Arkansas for Medical Sciences (UAMS) College of Medicine Program,Astrid,Easter,astrid.easter@utsouthwestern.edu,UT Southwestern Med Ctr,Emergency Medicine
127,University of Arkansas for Medical Sciences (UAMS) College of Medicine Program,Alejandra,Pena,al.pena@dhr-rgv.com,Doctors Hosp at Renaissance Ltd,Emergency Medicine
128,University of Arkansas for Medical Sciences (UAMS) College of Medicine Program,Elizabeth,Campuzano,elizabeth.campuzano@ttuhsc.edu,Texas Tech Univ HSC El Paso,Emergency Medicine
129,University of Arkansas for Medical Sciences (UAMS) College of Medicine Program,Stephanie,Campbell,stephanie.c.campbell.civ@health.mil,Carl R Darnall Army Med Ctr,Emergency Medicine
130,University of Arkansas for Medical Sciences (UAMS) College of Medicine Program,Jane,Gifford,jgifford@jpshealth.org,John Peter Smith Hosp,Emergency Medicine
131,University of Arkansas for Medical Sciences (UAMS) College of Medicine Program,Nichol,Timms,nichol.timms@bswhealth.org,Baylor Scott & White All Saints Med Ctr,Emergency Medicine
132,University of Arkansas for Medical Sciences (UAMS) College of Medicine Program,Vanessa,Phillips,valphill@utmb.edu,Univ of Texas Med Branch,Emergency Medicine
133,University of Arkansas for Medical Sciences (UAMS) College of Medicine Program,Ashlyn,Kopech,emresidency@uth.tmc.edu,Univ of Texas HSC Houston,Emergency Medicine
134,University of Arkansas for Medical Sciences (UAMS) College of Medicine Program,Leslie,Chong,Leslie.Chong@bcm.edu,Baylor College of Medicine,Emergency Medicine
135,University of Arkansas for Medical Sciences (UAMS) College of Medicine Program,Concepcion,Maldonado-Cooper,concepcion.m.cooper2.civ@health.mil,San Antonio Military Med Ctr,Emergency Medicine
136,Dignity Health East Valley Program,Xander,Townley-Mcbane,xander.townley-mcbane@commonspirit.org,Dignity Health East Valley,Emergency Medicine
137,Dignity Health East Valley Program,Natasha,Brocks,emresidency@abrazohealth.com,Abrazo Health Network,Emergency Medicine
138,Dignity Health East Valley Program,Dawn,Darby,dawn.darby@azkrmc.org,Kingman Regional Med Ctr,Emergency Medicine
139,Dignity Health East Valley Program,Michele,Floring,michelefloring@creighton.edu,Valleywise Health Med Ctr,Emergency Medicine
140,Dignity Health East Valley Program,Veronica,Calderon,veronica@aemrc.arizona.edu,Univ of Arizona Coll of Med-Tucson,Emergency Medicine
141,Dignity Health East Valley Program,Patrick,Mulligan,pmulligan@aemrc.arizona.edu,Univ of Arizona Coll of Med-South Campus,Emergency Medicine
142,Dignity Health East Valley Program,LaVonne,Salazar,lavonne.salazar@dhha.org,Denver Health Med Ctr,Emergency Medicine
143,Dignity Health East Valley Program,Ryan,Van Otten,rvanotten@salud.unm.edu,Univ of New Mexico Health Science Ctr,Emergency Medicine
144,Dignity Health East Valley Program,Sarah,Anderson,sarah.anderson5@hcahealthcare.com,MountainView Hosp,Emergency Medicine
145,Dignity Health East Valley Program,Janile,Andia,vhsemergencymedicine@uhsinc.com,Summerlin Hosp,Emergency Medicine
146,Dignity Health East Valley Program,Lynn,Heather,lynn.heather@unlv.edu,Kirk Kerkorian Sch of Med at UNLV,Emergency Medicine
147,Dignity Health East Valley Program,Christine,Carlson,emresidency@hsc.utah.edu,University of Utah Health,Emergency Medicine
148,Kern Medical Center Program,Vanessa,Colin,vanessa.colin@kernmedical.com,Kern Med Ctr,Emergency Medicine
149,Kern Medical Center Program,Allyssa,Davalos,emresidency@armc.sbcounty.gov,Arrowhead Regional Med Ctr,Emergency Medicine
150,Kern Medical Center Program,Ariana,Zaghmouri,ariana.zaghmouri@ucsf.edu,UCSF Fresno,Emergency Medicine
151,Kern Medical Center Program,Kari,Finfrock,kari.finfrock@samc.com,St Agnes Med Ctr,Emergency Medicine
152,Kern Medical Center Program,Tiana,Gonzales,lluem@llu.edu,Loma Linda Univ Med Ctr,Emergency Medicine
153,Kern Medical Center Program,Jennifer,Cassidy,jmcassidy@mednet.ucla.edu,Ronald Reagan UCLA Med Ctr,Emergency Medicine
154,Kern Medical Center Program,Becky,O'Neal C-TAGME,boneal@med.usc.edu,Los Angeles General Med Ctr,Emergency Medicine
155,Kern Medical Center Program,Sherry,Sandoval,sherry.a.sandoval@kp.org,Kaiser Permanente Modesto,Emergency Medicine
156,Kern Medical Center Program,M,Barrozo,m.barrozo@ruhealth.org,Riverside University Health System,Emergency Medicine
157,Kern Medical Center Program,Vicky,Lu,vlu@alamedahealthsystem.org,Highland Hospital - Alameda Health Syste,Emergency Medicine
158,Kern Medical Center Program,Jessica,Holland,jmhollan@hs.uci.edu,UC Irvine Med Ctr,Emergency Medicine
159,Kern Medical Center Program,Mariel,Gray,mariel.gray@tenethealth.com,Desert Regional Med Ctr,Emergency Medicine
160,Kern Medical Center Program,Bianca,Velasquez,em.residency@med.stanford.edu,Stanford Univ Sch of Med,Emergency Medicine
161,Kern Medical Center Program,Sandra,Gonzales,Sgonzales@eisenhowerhealth.org,Eisenhower Med Ctr,Emergency Medicine
162,Kern Medical Center Program,Kristina,Ornelas,kristina.ornelas@hcahealthcare.com,HCA Healthcare Riverside,Emergency Medicine
163,Kern Medical Center Program,Lori,Burdick,srmcemresidency@sutterhealth.org,Sutter Roseville Med Ctr,Emergency Medicine
164,Kern Medical Center Program,AnnaMarie,Carmazzi,atcarmazzi@ucdavis.edu,UC Davis Med Ctr,Emergency Medicine
165,Kern Medical Center Program,Heriberto,Gonzalez,kpemresidency@kp.org,Kaiser Permanente Southern California,Emergency Medicine
166,Kern Medical Center Program,Dominique,Stansbury,dominique.t.stansbury.civ@health.mil,Naval Med Ctr San Diego,Emergency Medicine
167,Kern Medical Center Program,Frances,Rudolf,frudolf@health.ucsd.edu,UCSD Med Ctr,Emergency Medicine
168,Kern Medical Center Program,Sandra,Lieu,sandra.lieu@ucsf.edu,UCSF Med Ctr,Emergency Medicine
169,Kern Medical Center Program,Sai,Choeurn,saychai.choeurn@commonspirit.org,St Joseph's Med Ctr,Emergency Medicine
170,Kern Medical Center Program,Keri,Kinley,Keri.kinley@uhsinc.com,Southwest Healthcare Medical Education C,Emergency Medicine
171,Kern Medical Center Program,Denise,Bell,denise.bell@hcahealthcare.com,Los Robles Regional Med Ctr,Emergency Medicine
172,Kern Medical Center Program,Christiane,Roeder-Sanchez,croeder-sanchez@dhs.lacounty.gov,Los Angeles County-Harbor-UCLA Med Ctr,Emergency Medicine
173,University of Puerto Rico Program,Iris,DeJesus,idejesus@hospitalupr.org,Hosp de la Univ de Puerto Rico,Emergency Medicine
174,University of Puerto Rico Program,Frances,Figueroa,emres.coordinator@ssepr.org,Hospital Episcopal San Lucas,Emergency Medicine
