,title,first_name,last_name,email,org,specialty
0,University of Connecticut Program,Stephanie,Phillips,sphillips@trinityhealthofne.org,Univ of Connecticut Health Ctr,Family Medicine
1,University of Connecticut Program,Bruna,Williams,bwilliams@echn.org,Prospect Manchester Hosp,Family Medicine
2,University of Connecticut Program,Samantha,Pegolo,middlesexfmresidency@midhosp.org,Middlesex Health,Family Medicine
3,University of Connecticut Program,Wendy,Froehlich,wfroehlich@stamhealth.org,Stamford Hospital,Family Medicine
4,University of Connecticut Program,Sarah,Capen,sarah.capen@hhchealth.org,St Vincent's Med Ctr,Family Medicine
5,University of Connecticut Program,Kathryn,Whitley,kathryn.whitley@bmc.org,Boston Med Ctr,Family Medicine
6,University of Connecticut Program,Angelique,Ranno,angelique.ranno@umassmed.edu,Univ of Massachusetts Med Sch,Family Medicine
7,University of Connecticut Program,Dianabel,Castro,gfmr@baystatehealth.org,Baystate Franklin Med Ctr,Family Medicine
8,University of Connecticut Program,Michelle,Olivieri,4yearresidency@glfhc.org,Greater Lawrence Family Health Center,Family Medicine
9,University of Connecticut Program,Janell,Corbett,jccorbett@challiance.org,Tufts Univ Cambridge Health Alliance,Family Medicine
10,University of Connecticut Program,Michael,Smith,michael.smith@umassmemorial.org,UMass Memorial Med Ctr,Family Medicine
11,University of Connecticut Program,Ann,Byron,ann.byron@mainegeneral.org,Maine-Dartmouth Family Med Residency,Family Medicine
12,University of Connecticut Program,Marie,Pelkey,mpelkey@northernlight.org,Eastern Maine Med Ctr,Family Medicine
13,University of Connecticut Program,Michael,Leveille,leveilmi@cmhc.org,Central Maine Med Ctr,Family Medicine
14,University of Connecticut Program,Karla,Barrett-Dexter,karla.barrett-dexter@mainehealth.org,Maine Med Ctr,Family Medicine
15,University of Connecticut Program,Kris,Briand,nhdfpr@crhc.org,Concord Hosp,Family Medicine
16,University of Connecticut Program,Morgan,Rodanas,familymedresidency@cheshire-med.com,Cheshire Med Ctr,Family Medicine
17,University of Connecticut Program,Brittany,George,brittany.george2@hcahealthcare.com,Portsmouth Regional Hosp,Family Medicine
18,University of Connecticut Program,Judith,Walker,brownfmresidency@gmail.com,Kent Hosp/Care New England,Family Medicine
19,University of Connecticut Program,Jennifer,Wilson,jennifer.wilson@uvmhealth.org,Univ of Vermont Med Ctr,Family Medicine
20,AtlantiCare Regional Medical Center Program,Olivia,Wall,fmresidency@atlanticare.org,AtlantiCare Regional Med Ctr,Family Medicine
21,AtlantiCare Regional Medical Center Program,Theresa,Warren,theresa.warren@hmhn.org,Hackensack Meridian Ocean Univ Med Ctr,Family Medicine
22,AtlantiCare Regional Medical Center Program,Rhonda,Phillips,Phillips-Rhonda@cooperhealth.edu,Cooper Univ Health Care,Family Medicine
23,AtlantiCare Regional Medical Center Program,Sonia,Duran,durans@sjhmc.org,St Joseph's Univ Med Ctr,Family Medicine
24,AtlantiCare Regional Medical Center Program,Shalini,Dixit,shalini.dixit@hmhn.org,JFK Univ Med Ctr,Family Medicine
25,AtlantiCare Regional Medical Center Program,Emily,Leffler,eleffler@hhsnj.org,Hunterdon Med Ctr,Family Medicine
26,AtlantiCare Regional Medical Center Program,Christine,Easton,ceaston@centrastate.com,Rutgers RWJMS at CentraState Med Ctr,Family Medicine
27,AtlantiCare Regional Medical Center Program,Martha,Truglio,martha.truglio@carepointhealth.org,Hoboken Univ Med Ctr,Family Medicine
28,AtlantiCare Regional Medical Center Program,Marie,Cutola,marie.cutola@carepointhealth.org,Christ Hosp,Family Medicine
29,AtlantiCare Regional Medical Center Program,Victoria,Reed,victoria.reed@atlantichealth.org,Morristown Med Ctr,Family Medicine
30,AtlantiCare Regional Medical Center Program,Denise,Kemp,kempd@ihn.org,Inspira Med Ctr-Mullica Hill,Family Medicine
31,AtlantiCare Regional Medical Center Program,Lillian,Kimmel,lillian.kimmel@rutgers.edu,Rutgers Robert Wood Johnson Med Sch,Family Medicine
32,AtlantiCare Regional Medical Center Program,Mirna,Chavez,mirna.chavez@hmhn.org,HMH Palisades Med Ctr,Family Medicine
33,AtlantiCare Regional Medical Center Program,Andrea,Brumbach,abrumbach@capitalhealth.org,Capital Health Regional Med Ctr,Family Medicine
34,AtlantiCare Regional Medical Center Program,Keesha,Eato,keesha.eato@sluhn.org,St Luke's Warren Hosp,Family Medicine
35,AtlantiCare Regional Medical Center Program,Kathryn,Schmidt,kathryn.schmidt@rwjbh.org,Rutgers Health/RWJUH Somerset,Family Medicine
36,AtlantiCare Regional Medical Center Program,Kathleen,Locklear,maguirek0@rowan.edu,Rowan Sch of Med,Family Medicine
37,AtlantiCare Regional Medical Center Program,Norlene,Thomas,norlene.thomas@atlantichealth.org,Overlook Med Ctr,Family Medicine
38,AtlantiCare Regional Medical Center Program,AnnMarie,Jones,annmarie.jones@mountainsidehosp.com,HMH-Mountainside Med Ctr,Family Medicine
39,AtlantiCare Regional Medical Center Program,Migdalia,Centeno,centenom@ihn.org,Inspira Health Network,Family Medicine
40,AtlantiCare Regional Medical Center Program,Santina,Palmiere,spalmiere@virtua.org,Virtua,Family Medicine
41,AtlantiCare Regional Medical Center Program,UNKNOWN,UNKNOWN,UNKNOWN,UNKNOWN,Family Medicine
42,AtlantiCare Regional Medical Center Program,Denise,Kemp,kempd@ihn.org,Inspira Med Ctr Woodbury,Family Medicine
43,AtlantiCare Regional Medical Center Program,Brynne,Kirk,kirkb@amc.edu,Albany Med Ctr,Family Medicine
44,AtlantiCare Regional Medical Center Program,Anne,Hardie,anne.hardie@rochesterregional.org,United Memorial Med Ctr,Family Medicine
45,Southern Illinois University (Alton) Program,Alison,Witcher,awitcher44@siumed.edu,SIU School of Medicine,Family Medicine
46,Southern Illinois University (Alton) Program,Penny,Kirchner,penny_l_kirchner1@rush.edu,Rush Copley Family Med Ctr,Family Medicine
47,Southern Illinois University (Alton) Program,Kristy,Sliwinski,kristy.sliwinski@luhs.org,Loyola MacNeal Hosp,Family Medicine
48,Southern Illinois University (Alton) Program,Todd,Kettering,"todd.o,kettering@osfhealthcare.org",OSF St Joseph Med Ctr,Family Medicine
49,Southern Illinois University (Alton) Program,Elizabeth,Miller,emiller79@siumed.edu,SIU Med,Family Medicine
50,Southern Illinois University (Alton) Program,Vernell,Williams,vernell.williams@sinai.org,Mount Sinai Hosp Med Ctr,Family Medicine
51,Southern Illinois University (Alton) Program,Nadia,Kalam,nkalam@hph.care,Humboldt Park Health,Family Medicine
52,Southern Illinois University (Alton) Program,Taylor,Arends,tarends@schosp.org,Swedish Hosp,Family Medicine
53,Southern Illinois University (Alton) Program,Benjamin,Preyss,benjaminpreyss@lawndale.org,Lawndale Christian Health Ctr,Family Medicine
54,Southern Illinois University (Alton) Program,Monica,Rubio,mrubio@cookcountyhhs.org,Stroger Hosp of Cook County,Family Medicine
55,Southern Illinois University (Alton) Program,Kameil,Mckee,kameilmckee@jacksonpark.com,Jackson Park Hosp,Family Medicine
56,Southern Illinois University (Alton) Program,Marcia,Mallerdino,marcia.mallerdino@ascension.org,Ascension Resurrection,Family Medicine
57,Southern Illinois University (Alton) Program,Patricia,Williams-Smith,patricia.williamssmith@ascension.org,AMITA St Joseph Hosp Chicago,Family Medicine
58,Southern Illinois University (Alton) Program,Elvia,Medrano,elvia_medrano@rush.edu,Rush Univ Med Ctr,Family Medicine
59,Southern Illinois University (Alton) Program,Maribel,Roman,alicia.vazquez@ascension.org,Ascension IL St Mary Chicago,Family Medicine
60,Southern Illinois University (Alton) Program,Zimmie,Obiora,hpfammed@eriefamilyhealth.org,McGaw Med Ctr Northwestern Univ,Family Medicine
61,Southern Illinois University (Alton) Program,Evelyn,Cotto,evelyn.cotto@aah.org,Advocate Illinois Masonic Med Ctr,Family Medicine
62,Southern Illinois University (Alton) Program,Jennifer,Guerrero,fmresidency@uic.edu,Univ of Illinois at Chicago,Family Medicine
63,Southern Illinois University (Alton) Program,Tina,Hartwig,thartwig@siumed.edu,Southern Illinois Univ Sch of Med,Family Medicine
64,Southern Illinois University (Alton) Program,Melanie,Rick,mrick@ksbhospital.com,Town Square Family Health Center,Family Medicine
65,Southern Illinois University (Alton) Program,Maria,Aranda,maranda@northshore.org,Univ of Chgo (Endeavor Health - NorthSho,Family Medicine
66,Southern Illinois University (Alton) Program,Susan,Segreti,fammeddh@nm.org,McGaw Medical Center of Northwestern (De,Family Medicine
67,Southern Illinois University (Alton) Program,Jeanne,Menon,fammedlf@northwestern.edu,Northwestern McGaw Family Med at Lake Fo,Family Medicine
68,Southern Illinois University (Alton) Program,Cassie,Bruggemann,cassie.bruggemann@adventhealth.com,Adventist Hinsdale Hosp,Family Medicine
69,Southern Illinois University (Alton) Program,Rebecca,Webb,rebecca.webb@adventhealth.com,Adventist LaGrange Memorial Hosp,Family Medicine
70,Howard University Program,Anika,Gordon,atgordon@huhosp.org,Howard Univ Hosp,Family Medicine
71,Howard University Program,Lauren,Mixon,fmresidency@bayhealth.org,Bayhealth Med Center,Family Medicine
72,Howard University Program,Regina,Batson,fmresidency@beebehealthcare.org,Beebe Healthcare,Family Medicine
73,Howard University Program,Victoria,Lester,victoria.lester@christianacare.org,ChristianaCare,Family Medicine
74,Howard University Program,Louise,Digenova,louise.digenova@che-east.org,St Francis Hospital,Family Medicine
75,Howard University Program,Stephanie,Zamora,szamora@hcdpbc.org,Lakeside Med Ctr,Family Medicine
76,Howard University Program,Rhonda,Davis,manateegme-familymedicine@uhsinc.com,Manatee Memorial Hosp,Family Medicine
77,Howard University Program,Jeshua (Jr),Rosado,Jeshua.Rosado@hcahealthcare.com,HCA Florida Oak Hill Hosp,Family Medicine
78,Howard University Program,Hallie,Twomey,hallie.twomey@baycare.org,Turley Family Health Ctr,Family Medicine
79,Howard University Program,UNKNOWN,UNKNOWN,UNKNOWN,UNKNOWN,Family Medicine
80,Howard University Program,Valerie,Manfredi,residency.coordinator@halifax.org,Halifax Health Med Ctr,Family Medicine
81,Howard University Program,Jayne,Pendergast,jayne.m.pendergast.civ@health.mil,96th Med Group AFMC SGOF,Family Medicine
82,Howard University Program,Vanessa,Edwards-George,vedwardsgeorge@browardhealth.org,Broward Health Med Ctr,Family Medicine
83,Howard University Program,Alicia,Nicholson,alicia.nicholson@med.fsu.edu,Lee Memorial Health System,Family Medicine
84,Howard University Program,Kimberly,Zinkel,residency@chfm.ufl.edu,Univ of Florida Coll of Med,Family Medicine
85,Howard University Program,Isreal,Okeowo,Iyanuoluwa.Okeowo@hcahealthcare.com,North Florida Regional Med Ctr,Family Medicine
86,Howard University Program,Arlet,Romero,arlet.romero@steward.org,Palmetto General Hosp,Family Medicine
87,Howard University Program,Miguel,Diaz,mdleon@larkinhospital.com,Larkin Community Hosp Palm Springs Campus,Family Medicine
88,Howard University Program,Marquise,Monroe,monroe.marquise@mayo.edu,Mayo Clinic Jacksonville,Family Medicine
89,Howard University Program,Kora,Gray,family.medicine@jaxhealth.com,St Vincent's Medical Center,Family Medicine
90,Howard University Program,Gary,Sleeseman,gary.l.sleeseman.civ@health.mil,Naval Hosp Jacksonville,Family Medicine
91,Howard University Program,Danielle,Rhoden,danielle.rhoden@mylrh.org,Lakeland Regional Health,Family Medicine
92,Howard University Program,Shelley,Manning,smanning2@miami.edu,Univ of Miami Jackson Memorial Hosp,Family Medicine
93,Howard University Program,Maggie,Godet,wkfamilymed@baptisthealth.net,West Kendall Baptist Health FIU,Family Medicine
94,Howard University Program,Margarita,Torres,mrtorres@chisouthfl.org,Community Health of South Florida Inc,Family Medicine
95,St Vincent's East Program,Elissa,Tyson,finishthetask@christhealthcenter.org,Christ Health Ctr,Family Medicine
96,St Vincent's East Program,Brittany,Shanks,brittany.shanks@cahabamedicalcare.com,Cahaba Med Care,Family Medicine
97,St Vincent's East Program,Danielle,Crowson,danielle_crowson@chs.net,South Baldwin Regional Med Ctr,Family Medicine
98,St Vincent's East Program,Rachel,Kelly,rachel_kelly@gadsdenregional.com,Gadsden Regional Med Ctr,Family Medicine
99,St Vincent's East Program,Angela,Edwards,edwardsa@uab.edu,Univ of Alabama Sch of Med-Huntsville,Family Medicine
100,St Vincent's East Program,Cynthia,Hutchinson,cynthia_hutchinson@chs.net,Health Education Services,Family Medicine
101,St Vincent's East Program,Brandi,Baker,btbaker@health.southalabama.edu,USA Health Univ Hosp,Family Medicine
102,St Vincent's East Program,Mary,Bradley,jhcfmr@jackson.org,Jackson Hosp and Clinic,Family Medicine
103,St Vincent's East Program,Shandrika,Bibb,mfmrp@baptistfirst.org,Baptist Outreach Services Montgomery,Family Medicine
104,St Vincent's East Program,Kandice,Collins,kandicecollins@uabmc.edu,Univ of Alabama Med Ctr,Family Medicine
105,St Vincent's East Program,Alison,Adams,aradams@ua.edu,Univ of Alabama Tuscaloosa,Family Medicine
106,St Vincent's East Program,Cynthia,Loney,cynthia.loney2@stelizabeth.com,St Elizabeth Med Ctr,Family Medicine
107,St Vincent's East Program,Beverly,Bennett,bbennett@tjsamson.org,T J Samson Community Hosp,Family Medicine
108,St Vincent's East Program,Heather,Pennington,hrnobl0@email.uky.edu,Univ of Kentucky Hazard,Family Medicine
109,St Vincent's East Program,Joshua,Ward,joshua.ward@uky.edu,Univ of Kentucky Coll of Med,Family Medicine
110,St Vincent's East Program,Tanya,Keenan,tanya.keenan@louisville.edu,Univ of Louisville Sch of Med,Family Medicine
111,St Vincent's East Program,Shawn,Turnage,shawn.turnage@baptistdeaconess.com,Baptist Health Deaconess Madisonville,Family Medicine
112,St Vincent's East Program,Evelyn,Rodriguez,rodrigueze@primaryplus.net,Lewis Countil Primary Care Ctr Inc,Family Medicine
113,St Vincent's East Program,Dee,Hamm,danielle.hamm@st-claire.org,UK St Claire,Family Medicine
114,St Vincent's East Program,Michelle,Hayden,michelle.hayden@owensborohealth.org,Owensboro Health Regional Hosp,Family Medicine
115,St Vincent's East Program,Edrie,Jones,lcrh.residentprogram@lpnt.net,Lake Cumberland Regional Hosp,Family Medicine
116,St Vincent's East Program,Erinn,Benge,ebenge@bvfmr.com,Boa Vida Family Medicine Residency,Family Medicine
117,St Vincent's East Program,Lee Ann,Bowlin,lbowlin@deltahealthsystem.org,Mississippi Med Education and Research C,Family Medicine
118,St Vincent's East Program,Lorie,Cospelich,lcospelich@mhg.com,Memorial Hosp at Gulfport,Family Medicine
119,St Vincent's East Program,Helon,Lofton,helon.lofton@forrestgeneral.com,Forrest General Hosp,Family Medicine
120,University of Arkansas for Medical Sciences Regional Centers (North Central) Program,Brandi,Henley,brhenley@uams.edu,UAMS North Central,Family Medicine
121,University of Arkansas for Medical Sciences Regional Centers (North Central) Program,Rebekah,Eddington,rebekah.eddington@conwayregional.org,Conway Regional Health System,Family Medicine
122,University of Arkansas for Medical Sciences Regional Centers (North Central) Program,Christi,Price,cprice2@uams.edu,UAMS Regional Centers (Crossett) RTP,Family Medicine
123,University of Arkansas for Medical Sciences Regional Centers (North Central) Program,Ethan,Dolan,ethan.dolan@conwayregional.org,Conway Regional Health System,Family Medicine
124,University of Arkansas for Medical Sciences Regional Centers (North Central) Program,Lynn,Glover,jlglover@uams.edu,UAMS Northwest,Family Medicine
125,University of Arkansas for Medical Sciences Regional Centers (North Central) Program,Michelle,Moe,mjmoe@uams.edu,UAMS Regional Centers,Family Medicine
126,University of Arkansas for Medical Sciences Regional Centers (North Central) Program,Sarah,Pendergraft,familymedresfs@mercy.net,Mercy-Fort Smith,Family Medicine
127,University of Arkansas for Medical Sciences Regional Centers (North Central) Program,Cathy,Smith,cmsmith@uams.edu,UAMS West/AHEC,Family Medicine
128,University of Arkansas for Medical Sciences Regional Centers (North Central) Program,Alex,Morris,acmorris@uams.edu,UAMS Northeast,Family Medicine
129,University of Arkansas for Medical Sciences Regional Centers (North Central) Program,Jennilee,Foster,jfoster2@uams.edu,UAMS Med Ctr,Family Medicine
130,University of Arkansas for Medical Sciences Regional Centers (North Central) Program,Dorothy,Leonard,dorothy.leonard@baptist-health.org,Baptist Health,Family Medicine
131,University of Arkansas for Medical Sciences Regional Centers (North Central) Program,Summer,Jamison,sdjamison@uams.edu,UAMS AHEC-South Central,Family Medicine
132,University of Arkansas for Medical Sciences Regional Centers (North Central) Program,Karen,Pearson,karen.pearson@unity-health.org,Unity Health-White County Med Ctr,Family Medicine
133,University of Arkansas for Medical Sciences Regional Centers (North Central) Program,Robin,Dempsey,rdempsey@uams.edu,UAMS - Southwest,Family Medicine
134,University of Arkansas for Medical Sciences Regional Centers (North Central) Program,Kathryn,Febuary,kathryn.febuary@lsuhs.edu,Rapides Regional Med Ctr,Family Medicine
135,University of Arkansas for Medical Sciences Regional Centers (North Central) Program,Leah,Mckeough,lea832@brgeneral.org,Baton Rouge General Med Ctr,Family Medicine
136,University of Arkansas for Medical Sciences Regional Centers (North Central) Program,Susan,Pieno,spieno@lsuhsc.edu,Louisiana State Univ Bogalusa,Family Medicine
137,University of Arkansas for Medical Sciences Regional Centers (North Central) Program,Susan,Lenoir,susan.lenoir@ochsner.org,Ochsner Clinic Foundation,Family Medicine
138,University of Arkansas for Medical Sciences Regional Centers (North Central) Program,Porsha,Hughes,phugh1@lsuhsc.edu,LSU Health Sciences Ctr Kenner,Family Medicine
139,University of Arkansas for Medical Sciences Regional Centers (North Central) Program,Brittney,Benoit,bbeno2@lsuhsc.edu,Ochsner LSUHSC-Univ Hosp and Clinics,Family Medicine
140,University of Arkansas for Medical Sciences Regional Centers (North Central) Program,Sally,Freeman,sfreeman@lcmh.com,LSUHSC Memorial Hosp,Family Medicine
141,University of Arkansas for Medical Sciences Regional Centers (North Central) Program,David,Potter,david.potter@lcmchealth.org,East Jefferson General Hosp,Family Medicine
142,University of Arkansas for Medical Sciences Regional Centers (North Central) Program,Ashley,Roberts,ashley.roberts@lsuhs.edu,Ochsner LSU Monroe Med Ctr,Family Medicine
143,University of Arkansas for Medical Sciences Regional Centers (North Central) Program,UNKNOWN,UNKNOWN,UNKNOWN,UNKNOWN,Family Medicine
144,University of Arkansas for Medical Sciences Regional Centers (North Central) Program,Brooke,McGaugh,shvfammedres@lsuhsc.edu,LSU Health Shreveport,Family Medicine
145,North Country HealthCare Program,Beth,Baillargeon,bbaillargeon@nchcaz.org,North Country Healthcare,Family Medicine
146,North Country HealthCare Program,Marlene,Ashton,marlene.ashton@dignityhealth.org,Dignity Health-Mercy Gilbert,Family Medicine
147,North Country HealthCare Program,Michelle,Kenealy,Michelle.Kenealy@azkrmc.org,Kingman Regional Med Ctr,Family Medicine
148,North Country HealthCare Program,Megan,Thorstenson,mthorstenson@honorhealth.com,Mountain Vista Med Ctr,Family Medicine
149,North Country HealthCare Program,Tiana,Price,tiana.price@bannerhealth.com,Banner Health Clinic Payson,Family Medicine
150,North Country HealthCare Program,Mirella,Correa Gracia,mirella.correagracia@bannerhealth.com,Univ of Arizona Coll of Med-Phoenix,Family Medicine
151,North Country HealthCare Program,Corina,Bejarano,corinabejarano@creighton.edu,Valleywise South Central Community Healt,Family Medicine
152,North Country HealthCare Program,Chelsea,Kempton,chelsea.kempton@abrazohealth.com,Abrazo Health Network,Family Medicine
153,North Country HealthCare Program,David,Moreno,fmresidency@honorhealth.com,HonorHealth Scottsdale Osborn Med Ctr,Family Medicine
154,North Country HealthCare Program,Lorie,Luse,lorie.luse@canyonvistamedicalcenter.com,Canyon Vista Med Ctr,Family Medicine
155,North Country HealthCare Program,Tracy,Ratterman,tracyr@elrio.org,El Rio Health,Family Medicine
156,North Country HealthCare Program,Mary,Dickinson,mary.dickinson1@northwestmedicalcenter.com,Northwest Medical Center,Family Medicine
157,North Country HealthCare Program,Jade,Zamora,jdzamora@arizona.edu,Univ of Arizona Coll of Med-Tucson,Family Medicine
158,North Country HealthCare Program,Jocelyn,Nowak,jnowak@mhchealthcare.org,MHC Ina Health Ctr,Family Medicine
159,North Country HealthCare Program,Aranza,Pereda,apde@yumaregional.org,Yuma Regional Med Ctr,Family Medicine
160,North Country HealthCare Program,Gina,Jecminek,Gina.Jecminek@healthonecares.com,HealthOne The Medical Center of Aurora,Family Medicine
161,North Country HealthCare Program,Alyssa,Tews,alyssa.tews@peakvista.org,Peak Vista Community Health Ctrs,Family Medicine
162,North Country HealthCare Program,Brenda,Cabrera,brenda.cabrera@cuanschutz.edu,Univ of Colorado Sch of Med,Family Medicine
163,North Country HealthCare Program,Andrea,Godina,andrea.godina@imail.org,St Joseph Hosp,Family Medicine
164,North Country HealthCare Program,Chloe,Finke,chloe.finke@cuanschutz.edu,Univ of Colorado Sch of Med,Family Medicine
165,North Country HealthCare Program,Erin,Greenfield,erin.greenfield@dhha.org,Denver Community Health Services Inc,Family Medicine
166,North Country HealthCare Program,Codie,Carlton,codie.carlton@healthonecares.com,HCA HealthONE Swedish Medical Center,Family Medicine
167,North Country HealthCare Program,Kimberly,Bell,kimberly.bell@uchealth.org,UCHealth,Family Medicine
168,North Country HealthCare Program,Ashley,Miller,ashley.miller2@imail.org,St Mary's Hosp and Med Ctr,Family Medicine
169,North Country HealthCare Program,Mel,Dillon,melissa.dillon@bannerhealth.com,North Colorado Med Ctr,Family Medicine
170,Providence Hospital/Alaska Family Medicine Program,Sydney,Torrens,sydney.torrens@providence.org,Providence Alaska Medical Center,Family Medicine
171,Providence Hospital/Alaska Family Medicine Program,Arianna,Herrera,arianna.herrera@clinicasierravista.org,Clinica Sierra Vista,Family Medicine
172,Providence Hospital/Alaska Family Medicine Program,Janell,Bean,janell.bean.civ@health.mil,Naval Hosp Camp Pendleton,Family Medicine
173,Providence Hospital/Alaska Family Medicine Program,Elisa,Chavez,echavez@healthyruralca.org,Healthy Rural California Inc,Family Medicine
174,Providence Hospital/Alaska Family Medicine Program,Natalie,De Rose,nderose@primehealthcare.com,Chino Valley Med Ctr,Family Medicine
175,Providence Hospital/Alaska Family Medicine Program,Fernando,Sanchez,sanchez.fernando@scrippshealth.org,Scripps Mercy Hosp Chula Vista,Family Medicine
176,Providence Hospital/Alaska Family Medicine Program,Liliana,Aguilar-Molina,aguilarml@armc.sbcounty.gov,Arrowhead Regional Med Ctr,Family Medicine
177,Providence Hospital/Alaska Family Medicine Program,Claudia,Sahagun,claudia.sahagun@pihhealth.org,PIH Health Downey Hospital,Family Medicine
178,Providence Hospital/Alaska Family Medicine Program,Faye,Debard,EurekaGME@providence.org,St Joseph Hosp of Eureka,Family Medicine
179,Providence Hospital/Alaska Family Medicine Program,Residency,Coordinator,socal.residency@kp.org,Kaiser Permanente Regional Offices,Family Medicine
180,Providence Hospital/Alaska Family Medicine Program,Anna,Hernandez,ahernandez@sjgh.org,San Joaquin General Hosp,Family Medicine
181,Providence Hospital/Alaska Family Medicine Program,Tanya,Martinez,tanya.martinez@ucsf.edu,UCSF Fresno MEP,Family Medicine
182,Providence Hospital/Alaska Family Medicine Program,Stacey,Quintana,squintana@vht.org,Valley Health Team-Central Fresno Commun,Family Medicine
183,Providence Hospital/Alaska Family Medicine Program,Marisol,Gonzalez,marisol.gonzalez@samc.com,Saint Agnes Medical Center,Family Medicine
184,Providence Hospital/Alaska Family Medicine Program,Elizabeth,Gonzalez,gonzalx@ah.org,Adventist Health Glendale,Family Medicine
185,Providence Hospital/Alaska Family Medicine Program,Erin,Kolb,erin.kolb@commonspirit.org,Sierra Nevada Memorial Hospital,Family Medicine
186,Providence Hospital/Alaska Family Medicine Program,Alisa,Vance-Freitas,vanceal@ah.org,Adventist Health Hanford,Family Medicine
187,Providence Hospital/Alaska Family Medicine Program,Carlene,Maggio,maggioc01@ah.org,Adventist Health Hanford,Family Medicine
188,Providence Hospital/Alaska Family Medicine Program,Veronica,Espinoza,Vespinoza@dhs.lacounty.gov,Harbor-UCLA Med Ctr,Family Medicine
189,Providence Hospital/Alaska Family Medicine Program,Daisy,Santos,daisy.santos@kpc.health,KPC Health-Hemet Global Med Ctr,Family Medicine
190,Providence Hospital/Alaska Family Medicine Program,Lindsay,Carlsoon,lindsay.carlson@sutterhealth.org,Sutter Amador Hosp,Family Medicine
191,Providence Hospital/Alaska Family Medicine Program,Jessica,Gonzalez,fm_residency@llu.edu,Loma Linda Univ Health Education Consort,Family Medicine
192,Providence Hospital/Alaska Family Medicine Program,Kelly,Ambrose,kambrose@memorialcare.org,Long Beach Memorial Med Ctr,Family Medicine
193,Providence Hospital/Alaska Family Medicine Program,Program,Coordinator,socal.residency@kp.org,Kaiser Permanente Regional Offices,Family Medicine
194,Providence Hospital/Alaska Family Medicine Program,Alejandra,Orozco,alejandra.orozco@med.usc.edu,Keck Med of USC,Family Medicine
195,University of Puerto Rico Program,Astrid,Morales-Ralat,facmedfam.rcm@upr.edu,Univ of Puerto Rico,Family Medicine
196,University of Puerto Rico Program,Vielka,Cintron,vcintron@manatimedical.com,Manati Med Ctr Dr Otero Lopez Hosp,Family Medicine
197,University of Puerto Rico Program,Cristina,Morales,cristina.morales@mayaguezmedical.com,MMC Dr Ramon E Betances Hosp,Family Medicine
198,University of Puerto Rico Program,UNKNOWN,UNKNOWN,UNKNOWN,UNKNOWN,Family Medicine
