,title,first_name,last_name,email,org,specialty
0,University of Connecticut Program,Cristina,Lender,cristina.lender@hhchealth.org,Hartford Hosp,Neurology
1,University of Connecticut Program,Jeremy,Moeller,yaleneurologyresidency@yale.edu,Yale-New Haven Med Ctr,Neurology
2,University of Connecticut Program,Sasha,Smith,ssmith38@bidmc.harvard.edu,Beth Israel Deaconess Med Ctr,Neurology
3,University of Connecticut Program,Maddie,Cornell,Madison.L.Cornell@tuftsmedicine.org,Tufts Med Ctr,Neurology
4,University of Connecticut Program,Ljiljana,Popovic,lpopovic@bu.edu,Boston Univ Med Ctr,Neurology
5,University of Connecticut Program,Silviya,Eaton,neuroresidencyrecruitment@mgb.org,Massachusetts General Hospital,Neurology
6,University of Connecticut Program,David,Demarzio,david.demarzio@umassmed.edu,University of Massachusetts,Neurology
7,University of Connecticut Program,Lawaun,Everson,amoh.neuro@ascension.org,Ascension Macomb-Oakland Hosp,Neurology
8,University of Connecticut Program,Betsy,McDonagh,elizabeth.mcdonagh@mainehealth.org,Maine Med Center,Neurology
9,University of Connecticut Program,Shannon,Darrah,shannon.h.darrah@hitchcock.org,Dartmouth-Hitchcock Med Ctr,Neurology
10,University of Connecticut Program,Lizete,Santos,neurology_dept@brown.edu,Rhode Island Hosp,Neurology
11,University of Connecticut Program,Deborah,Fay,deborah.fay@med.uvm.edu,Univ of Vermont Med Ctr,Neurology
12,Cooper Medical School of Rowan University/Cooper University Hospital Program,Lori,Hanneman,hanneman-lori@cooperhealth.edu,Cooper University Health Care,Neurology
13,Cooper Medical School of Rowan University/Cooper University Hospital Program,Lauren,Li,lauren.li@hmhn.org,Hackensack Meridian JFK Univ Med Ctr,Neurology
14,Cooper Medical School of Rowan University/Cooper University Hospital Program,Chinita,Mobley,mobleycl@rwjms.rutgers.edu,Rutgers Robert Wood Johnson Med Sch,Neurology
15,Cooper Medical School of Rowan University/Cooper University Hospital Program,Gina,DeLaRosa,gd326@njms.rutgers.edu,Rutgers New Jersey Med Sch,Neurology
16,Cooper Medical School of Rowan University/Cooper University Hospital Program,Fabjola,Nasi,nasif@amc.edu,Albany Med Ctr,Neurology
17,Cooper Medical School of Rowan University/Cooper University Hospital Program,Shari,Archilla,sharchil@montefiore.org,Albert Einstein Coll of Med,Neurology
18,Cooper Medical School of Rowan University/Cooper University Hospital Program,Dorina,Spinel,dspinel@bhmcny.org,Brookdale Hosp Med Ctr OBH,Neurology
19,Cooper Medical School of Rowan University/Cooper University Hospital Program,Natasha,Sagal,neuroapplicants@downstate.edu,SUNY Downstate Med Ctr,Neurology
20,Cooper Medical School of Rowan University/Cooper University Hospital Program,Thomas,Bellanca,tjbellan@buffalo.edu,Univ at Buffalo JSMBS,Neurology
21,Cooper Medical School of Rowan University/Cooper University Hospital Program,Meshia,Addison,neurologyresidency@northwell.edu,North Shore University Hospital,Neurology
22,Cooper Medical School of Rowan University/Cooper University Hospital Program,Carmen,Torres,ctorres3@garnethealth.org,Garnet Health Med Ctr,Neurology
23,Cooper Medical School of Rowan University/Cooper University Hospital Program,Ashley,Kirk,ashley.kirk@nyulangone.org,Ste 408,Neurology
24,Cooper Medical School of Rowan University/Cooper University Hospital Program,Jean,Peng,jean.peng@mountsinai.org,Mount Sinai West,Neurology
25,Cooper Medical School of Rowan University/Cooper University Hospital Program,Janice,Void,jav2013@med.cornell.edu,NewYork-Presbyterian/Weill Cornell Med C,Neurology
26,Cooper Medical School of Rowan University/Cooper University Hospital Program,Faye,Francisco,faye.francisco@mssm.edu,Icahn Sch of Med at Mount Sinai,Neurology
27,Cooper Medical School of Rowan University/Cooper University Hospital Program,Eridiz,Diaz,eridiz.diaz@nyulangone.org,New York Univ Med Ctr,Neurology
28,Cooper Medical School of Rowan University/Cooper University Hospital Program,Ericka,Ayala,ea2753@cumc.columbia.edu,NewYork-Presbyterian/Columbia Univ Med C,Neurology
29,Cooper Medical School of Rowan University/Cooper University Hospital Program,Amy,Wen,aimin.wen@nuvancehealth.org,Nuvance Health Consortium,Neurology
30,Cooper Medical School of Rowan University/Cooper University Hospital Program,Clara,Vigelette,clara_vigelette@urmc.rochester.edu,Univ of Rochester Med Ctr,Neurology
31,Cooper Medical School of Rowan University/Cooper University Hospital Program,Agustina,Zapata-Rodriguez,neurores@northwell.edu,Staten Island Univ Hosp,Neurology
32,Cooper Medical School of Rowan University/Cooper University Hospital Program,Doris,Boehle,doris.boehle@stonybrookmedicine.edu,SUNY Stony Brook Univ,Neurology
33,Cooper Medical School of Rowan University/Cooper University Hospital Program,Mary,Phelan,neureducation@upstate.edu,SUNY Upstate Med Univ,Neurology
34,Cooper Medical School of Rowan University/Cooper University Hospital Program,Nadia,Tilden-Dassler,nadia.tilden-dassler@wmchealth.org,Westchester Med Ctr,Neurology
35,Cooper Medical School of Rowan University/Cooper University Hospital Program,Randisue,Bartholomew,RandiSue.Bartholomew@lvhn.org,Lehigh Valley Health Network,Neurology
36,Cooper Medical School of Rowan University/Cooper University Hospital Program,Cortney,Houtz,cmhoutz@geisinger.edu,Geisinger Med Ctr,Neurology
37,Rush University Medical Center Program,Janet,Lopez,neurologyresidency@rush.edu,Rush Univ Med Ctr,Neurology
38,Rush University Medical Center Program,Alex,Gough,neuroresidency@northwestern.edu,McGaw Med Ctr Northwestern Univ,Neurology
39,Rush University Medical Center Program,Marla,Scofield,mscofiel@uchicago.edu,Univ of Chicago,Neurology
40,Rush University Medical Center Program,Maria,Mata,mmata@uic.edu,Univ of Illinois Med Ctr,Neurology
41,Rush University Medical Center Program,Rocio,Chavez,rchavez@lumc.edu,Loyola Univ Med Ctr,Neurology
42,Rush University Medical Center Program,Tammi,Miller,tammijm@uic.edu,OSF St Francis Med Ctr,Neurology
43,Rush University Medical Center Program,Mindy,Conlee,mconlee-stevens@siumed.edu,Southern Illinois Univ Sch of Med,Neurology
44,Rush University Medical Center Program,Laura,Knox,laura.knox@carle.com,Carle Foundation Hosp,Neurology
45,Rush University Medical Center Program,Amanda,Fairchild,akeisker@iu.edu,Indiana Univ Sch of Med,Neurology
46,Rush University Medical Center Program,Frances,Clark,clfrance@med.umich.edu,Univ of Michigan Hosp,Neurology
47,Rush University Medical Center Program,Krystal,Melton,kmelton2@hfhs.org,Henry Ford Hosp,Neurology
48,Rush University Medical Center Program,Kelly,Soave,kelly.soave@wayne.edu,Detroit Med Ctr/Wayne State Univ,Neurology
49,Rush University Medical Center Program,Krista,Leiter,leiter@msu.edu,Michigan State Univ,Neurology
50,Rush University Medical Center Program,Ann,Atiyeh,ann.atiyeh@corewellhealth.org,Corewell Health,Neurology
51,Rush University Medical Center Program,Mariam,Lewis,mlewis8@primehealthcare.com,Garden City Hosp,Neurology
52,Rush University Medical Center Program,Kelly,Parm,kelly.parm@trinity-health.org,Trinity Health Grand Rapids,Neurology
53,Rush University Medical Center Program,Jordan,Kossuth,jordan.kossuth@corewellhealth.org,Corewell Health Grand Rapids/Michigan St,Neurology
54,Rush University Medical Center Program,Maggie,Baker,maggie.baker@uc.edu,Univ Hosp Univ of Cincinnati,Neurology
55,Rush University Medical Center Program,Lori,Cesa,nieducation@ccf.org,Cleveland Clinic,Neurology
56,Rush University Medical Center Program,Kelly,Sliter,kelly.sliter@uhhospitals.org,University Hospitals Cleveland Medical C,Neurology
57,Rush University Medical Center Program,Karen,Willman,neurology.residency@osumc.edu,Ohio State Univ Wexner Med Ctr,Neurology
58,Rush University Medical Center Program,Barbara,Darden,barbara.darden@wright.edu,Miami Valley Hosp,Neurology
59,Rush University Medical Center Program,Nikki,Vultee,Nikki.Vultee@ketteringhealth.org,Kettering Health Network,Neurology
60,Rush University Medical Center Program,Hope,Funches,hope_funches@mercy.com,Mercy St Vincent Med Ctr,Neurology
61,Rush University Medical Center Program,Kayleigh,Corado,kayleigh.brewer@utoledo.edu,ProMedica Neuroscience Ctr,Neurology
62,University of Iowa Hospitals and Clinics Program,Caroline,Martin,caroline-martin@uiowa.edu,Univ of Iowa Hosps and Clinics,Neurology
63,University of Iowa Hospitals and Clinics Program,Tara,Logan,tlogan2@kumc.edu,Univ of Kansas Med Ctr,Neurology
64,University of Iowa Hospitals and Clinics Program,Rebecca,Busse,umnneurores@umn.edu,Univ of Minnesota Med Ctr,Neurology
65,University of Iowa Hospitals and Clinics Program,DeAnna,Shones,shones.deanna@mayo.edu,Mayo Clinic,Neurology
66,University of Iowa Hospitals and Clinics Program,Amanda,Covey,umhsgmeneuro@health.missouri.edu,Univ of Missouri Hosps and Clinics,Neurology
67,University of Iowa Hospitals and Clinics Program,Terry,Borghardt,terry.borghardt@uhkc.org,Univ of Missouri-Kansas City Sch of Med,Neurology
68,University of Iowa Hospitals and Clinics Program,Rebecca,Grubb,rebecca.grubb@slucare.ssmhealth.com,SSM Health/Saint Louis Univ Sch of Med,Neurology
69,University of Iowa Hospitals and Clinics Program,Lorraine,Edrington,laedring@wustl.edu,Washington Univ/Barnes-Jewish Hosp,Neurology
70,University of Iowa Hospitals and Clinics Program,Lisa,Jorissen,lisa.jorissen@sanfordhealth.org,Univ of North Dakota Sch of Med,Neurology
71,University of Iowa Hospitals and Clinics Program,Joe,Koch,josephkoch1@creighton.edu,CHI Health Immanuel,Neurology
72,University of Iowa Hospitals and Clinics Program,Kyra,Gause,kgause@unmc.edu,Univ of Nebraska Med Ctr,Neurology
73,University of Iowa Hospitals and Clinics Program,Jaclyn,Gross,jaclyn.gross@sanfordhealth.org,Sanford Health - Neurology Residency,Neurology
74,MedStar Health/Georgetown University Hospital Program,Deleon,Mitchell,deleon.b.mitchell@gunet.georgetown.edu,Georgetown Univ Hosp,Neurology
75,MedStar Health/Georgetown University Hospital Program,Crystal,Woods,cwoods@mfa.gwu.edu,George Washington Univ Hosp,Neurology
76,MedStar Health/Georgetown University Hospital Program,Shareka,Hammond,shammond@huhosp.org,Howard Univ Hosp,Neurology
77,MedStar Health/Georgetown University Hospital Program,Robert,Bullock,neuroresidency@health.fau.edu,Florida Atlantic Univ,Neurology
78,MedStar Health/Georgetown University Hospital Program,Philip,Mazzeo,neuroresidency@browardhealth.org,Broward Health North,Neurology
79,MedStar Health/Georgetown University Hospital Program,Jennifer,Shipley,jennifer.shipley@neurology.ufl.edu,Univ of Florida Coll of Med,Neurology
80,MedStar Health/Georgetown University Hospital Program,Christopher,Rivera,crivera@larkinhospital.com,Larkin Community Hosp Palm Springs Campu,Neurology
81,MedStar Health/Georgetown University Hospital Program,Francesca,Villanueva,francesca.villanueva@steward.org,Palmetto General Hosp,Neurology
82,MedStar Health/Georgetown University Hospital Program,Sheryllan,Dwarika-Seeberan,neurologyresidency@mhs.net,Memorial Healthcare System,Neurology
83,MedStar Health/Georgetown University Hospital Program,Shadina,Williams,neurology.gme@jax.ufl.edu,Univ of Florida Coll of Med-Jacksonville,Neurology
84,MedStar Health/Georgetown University Hospital Program,Ashley,Ford,ford.ashley1@mayo.edu,Mayo Clinic Jacksonville,Neurology
85,MedStar Health/Georgetown University Hospital Program,Jessica,Pena,jessica.pena2@hcahealthcare.com,Osceola Hosp,Neurology
86,MedStar Health/Georgetown University Hospital Program,Michael,Reales,michael.reales@hcahealthcare.com,HCA Florida Westside Hospital,Neurology
87,MedStar Health/Georgetown University Hospital Program,Claudia,Pace,claudia.pace@baptisthealth.net,Baptist Health South Florida,Neurology
88,MedStar Health/Georgetown University Hospital Program,Conswella,Robinson,conswella.robinson@hcahealthcare.com,HCA Florida Kendall Hospital,Neurology
89,MedStar Health/Georgetown University Hospital Program,Terry,Crugnale,tcrugnale@med.miami.edu,University of Miami/Jackson Health Syste,Neurology
90,MedStar Health/Georgetown University Hospital Program,Carrillo,Candida,candida.carrillo@orlandohealth.com,Orlando Health,Neurology
91,MedStar Health/Georgetown University Hospital Program,Angelica,Hassett,ahassett@larkinhospital.com,Larkin Community Hosp,Neurology
92,MedStar Health/Georgetown University Hospital Program,Lidia,Dordevic,lidia.dordevic@va.gov,James A Haley Veterans Hosp,Neurology
93,MedStar Health/Georgetown University Hospital Program,Belinda,Ortiz,ortizb2@ccf.org,Cleveland Clinic Florida,Neurology
94,MedStar Health/Georgetown University Hospital Program,Pornpailin,Patimavirujh,ppatimavirujh@msm.edu,Morehouse Sch of Med,Neurology
95,MedStar Health/Georgetown University Hospital Program,Tracey,White,tracey.white@emory.edu,Emory Univ Sch of Med,Neurology
96,MedStar Health/Georgetown University Hospital Program,Mayra,Galan,mgalan@augusta.edu,Augusta University,Neurology
97,MedStar Health/Georgetown University Hospital Program,Sandy,Vieyra,svieyra@jhmi.edu,Johns Hopkins Hosp,Neurology
98,MedStar Health/Georgetown University Hospital Program,Jillian,Iffland,neuroeducation@som.umaryland.edu,Univ of Maryland Med System,Neurology
99,University of Alabama Medical Center Program,Charmaine,Echols,cgechols@uabmc.edu,Univ of Alabama Med Ctr,Neurology
100,University of Alabama Medical Center Program,Leigh,Rowell,clrowell@health.southalabama.edu,Univ of South Alabama Med Ctr,Neurology
101,University of Alabama Medical Center Program,Crystal,Vires,crystal.vires@uky.edu,Univ of Kentucky Med Ctr,Neurology
102,University of Alabama Medical Center Program,Dominique,Hurt,dominique.hurt@louisville.edu,Univ of Louisville Sch of Med,Neurology
103,University of Alabama Medical Center Program,Abby,Gomez,agomez@umc.edu,Univ of Mississippi Med Ctr,Neurology
104,University of Alabama Medical Center Program,Cleopatra,Thurman,Cleopatra.Thurman@erlanger.org,Erlanger Health System,Neurology
105,University of Alabama Medical Center Program,Leigh Anne,Mynatt,lamynatt1@utmck.edu,1924 Alcoa Hwy,Neurology
106,University of Alabama Medical Center Program,Cody,Morris,cmorri94@uthsc.edu,Univ of Tennessee Health Science Ctr,Neurology
107,University of Alabama Medical Center Program,Laura,Hall,laura.b.hall@vumc.org,Vanderbilt Univ Med Ctr,Neurology
108,University of Alabama Medical Center Program,Stacy,Reynolds,stacy.petroski@hcahealthcare.com,HCA Healthcare/TriStar Skyline,Neurology
109,University of Arkansas for Medical Sciences (UAMS) College of Medicine Program,Angela,Bauer,neuroresidency@uams.edu,Univ of Arkansas for Med Sciences,Neurology
110,University of Arkansas for Medical Sciences (UAMS) College of Medicine Program,Maci,Schexnaydre,maci.schexnaydre@ochsner.org,Ochsner Clinic Foundation,Neurology
111,University of Arkansas for Medical Sciences (UAMS) College of Medicine Program,Michelle,Snowden,msnow1@lsuhsc.edu,LSU Health Sciences Ctr New Orleans,Neurology
112,University of Arkansas for Medical Sciences (UAMS) College of Medicine Program,Kelley,Creighton,kcreighton@tulane.edu,Tulane Univ Sch of Med,Neurology
113,University of Arkansas for Medical Sciences (UAMS) College of Medicine Program,Darian,Jones,darian.jones@lsuhs.edu,LSU Health Shreveport,Neurology
114,University of Arkansas for Medical Sciences (UAMS) College of Medicine Program,Carole,Clark,carole-clark@ouhsc.edu,Univ of Oklahoma Coll of Med,Neurology
115,University of Arkansas for Medical Sciences (UAMS) College of Medicine Program,Jacqueline,Jackson,neurology-residency@ascension.org,Dell Med Sch,Neurology
116,University of Arkansas for Medical Sciences (UAMS) College of Medicine Program,Monica,Guerra,mguerra1@ascension.org,Dell Med Sch,Neurology
117,University of Arkansas for Medical Sciences (UAMS) College of Medicine Program,Laura,Campbell,laura.campbell@utsouthwestern.edu,UT Southwestern Med Ctr,Neurology
118,University of Arkansas for Medical Sciences (UAMS) College of Medicine Program,Autum,Waskoviak,autum.waskoviak@ttuhsc.edu,Texas Tech Univ HSC Foster Sch of Med,Neurology
119,University of Arkansas for Medical Sciences (UAMS) College of Medicine Program,Jeanene,DeLaRosa,jmdelaro@utmb.edu,Univ of Texas Med Branch Hosps,Neurology
120,University of Arkansas for Medical Sciences (UAMS) College of Medicine Program,Patricia,Orozco,neuro.residency@utrgv.edu,Univ of Texas Rio Grande Valley,Neurology
121,University of Arkansas for Medical Sciences (UAMS) College of Medicine Program,Ka'Lynde,Smith,kssmith2@houstonmethodist.org,Houston Methodist,Neurology
122,University of Arkansas for Medical Sciences (UAMS) College of Medicine Program,Lori,Adams,lowens@bcm.edu,Baylor Coll of Med,Neurology
123,University of Arkansas for Medical Sciences (UAMS) College of Medicine Program,Britney,Mortenson,ms.neur.coordinator@uth.tmc.edu,Univ of Texas Med Sch Houston,Neurology
124,University of Arkansas for Medical Sciences (UAMS) College of Medicine Program,Chelsea,Perez,chelsea.a.perez3.civ@health.mil,San Antonio Military Med Ctr,Neurology
125,University of Arkansas for Medical Sciences (UAMS) College of Medicine Program,Tiffany,Williams,tiffany.l.williams@ttuhsc.edu,Texas Tech Univ HSC Lubbock,Neurology
126,University of Arkansas for Medical Sciences (UAMS) College of Medicine Program,Khalilah,Harmon,harmonk@uthscsa.edu,Univ of Texas HSC San Antonio,Neurology
127,University of Arkansas for Medical Sciences (UAMS) College of Medicine Program,Tina,Miller,tina.miller@bswhealth.org,Baylor Scott & White-Temple,Neurology
128,University of Arkansas for Medical Sciences (UAMS) College of Medicine Program,Kimberly,Tutt,shilpa.chitnis@uttyler.edu,UT Tyler school of Medicine,Neurology
129,University of Arizona College of Medicine-Phoenix Program,Luci,Balcerzak,luci.balcerzak@bannerhealth.com,Banner Univ Med Ctr-Phoenix,Neurology
130,University of Arizona College of Medicine-Phoenix Program,Ann,Johnson,ann.chowdhuryjohnson@dignityhealth.org,St Joseph's Hosp and Med Ctr,Neurology
131,University of Arizona College of Medicine-Phoenix Program,Linda,Warfield,warfield.linda@mayo.edu,Mayo Clinic Arizona,Neurology
132,University of Arizona College of Medicine-Phoenix Program,Regina,Goeller,rgoeller@neurology.arizona.edu,Univ of Arizona Coll of Med-Tucson,Neurology
133,University of Arizona College of Medicine-Phoenix Program,Katelynn,Jennings,neurology.residency@cuanschutz.edu,Univ of Colorado Denver Sch of Med,Neurology
134,University of Arizona College of Medicine-Phoenix Program,Noel,Tuccy,noel.tuccy@healthonecares.com,Swedish Med Ctr,Neurology
135,University of Arizona College of Medicine-Phoenix Program,Jeffrey,Maloney,maloneyj72793@salud.unm.edu,Univ of New Mexico HSC,Neurology
136,University of Arizona College of Medicine-Phoenix Program,Nephthalie,Luc,nephthalie.luc@uhsinc.com,Valley Hosp Med Ctr,Neurology
137,University of Arizona College of Medicine-Phoenix Program,Michelle,Maiorino,michelle.maiorino@hcahealthcare.com,Sunrise Health GME-Southern Hills Hosp,Neurology
138,University of Arizona College of Medicine-Phoenix Program,Carol,Wall,neuro.residency@hsc.utah.edu,Univ of Utah Med Ctr,Neurology
139,Arrowhead Regional Medical Center Program,Erika,Coleman,colemane@armc.sbcounty.gov,Arrowhead Regional Med Ctr,Neurology
140,Arrowhead Regional Medical Center Program,Anna,Valencia,anvalencia@llu.edu,Loma Linda Univ,Neurology
141,Arrowhead Regional Medical Center Program,Program,Coordinator,socal.residency@kp.org,Kaiser Permanente Regional Offices,Neurology
142,Arrowhead Regional Medical Center Program,Susana,Astudillo,susana.astudillo@med.usc.edu,USC/Los Angeles General Medical Center,Neurology
143,Arrowhead Regional Medical Center Program,Sahar,Rupani,srupani@mednet.ucla.edu,UCLA Med Ctr,Neurology
144,Arrowhead Regional Medical Center Program,Diana,Merritt,diana.merritt@cshs.org,Cedars-Sinai Med Ctr,Neurology
145,Arrowhead Regional Medical Center Program,Isabella,Flores,i.flores@ruhealth.org,Riverside Univ Health System,Neurology
146,Arrowhead Regional Medical Center Program,Samantha,Pierce,spierce2@hs.uci.edu,University of California Irvine,Neurology
147,Arrowhead Regional Medical Center Program,Tammy,Gonzalez,tammy.gonzalez@tenethealth.com,Desert Regional Med Ctr,Neurology
148,Arrowhead Regional Medical Center Program,Mitzine,Wright,mitzine@stanford.edu,Stanford Univ Med Ctr,Neurology
149,Arrowhead Regional Medical Center Program,Residency,Coordinator,residency-coordinator@tnginc.org,Neurology Group,Neurology
150,Arrowhead Regional Medical Center Program,Jennifer,Wilson,jennifer.wilson@hcahealthcare.com,Riverside Community Hosp,Neurology
151,Arrowhead Regional Medical Center Program,Bailey,Mathews,bamathews@ucdavis.edu,UC Davis Health,Neurology
152,Arrowhead Regional Medical Center Program,Maria,Miller,neuroresidency@health.ucsd.edu,UCSD Med Ctr,Neurology
153,Arrowhead Regional Medical Center Program,Vicky,Tateo,vicky.tateo@ucsf.edu,UCSF Med Ctr,Neurology
154,Arrowhead Regional Medical Center Program,Mariam,Benyamein,mariam.benyamein900@commonspirit.org,St Joseph's Med Ctr,Neurology
155,Arrowhead Regional Medical Center Program,Ellizabeth,Garcia,elizabeth.garcia4@hcahealthcare.com,Los Robles Regional Med Ctr,Neurology
156,Arrowhead Regional Medical Center Program,Stephanie,Ramos,sramos@dhs.lacounty.gov,Los Angeles County-Harbor-UCLA Med Ctr,Neurology
157,Arrowhead Regional Medical Center Program,Kelsey,Klem,klemk@ohsu.edu,Oregon Health & Science Univ,Neurology
158,Arrowhead Regional Medical Center Program,Stella,White,stellad@uw.edu,Univ of Washington Sch of Med,Neurology
159,Arrowhead Regional Medical Center Program,Janee,McDonald,janee.a.mcdonald.civ@mail.mil,Madigan Army Med Ctr,Neurology
160,University of Puerto Rico Program,Leticia,Rodriguez,leticia.rodriguez2@upr.edu,Univ of Puerto Rico Med Science Campus,Neurology
