,title,first_name,last_name,email,org,specialty
0,University of Connecticut Program,Michelle,Ambrosio,mambrosio@uchc.edu,Univ of Connecticut Health Ctr,Orthopaedic Surgery
1,University of Connecticut Program,Adrienne,Socci,adrienne.socci@yale.edu,Yale-New Haven Med Ctr,Orthopaedic Surgery
2,University of Connecticut Program,Kaitlin,Duffy,hcorp@partners.org,Massachusetts General Hosp,Orthopaedic Surgery
3,University of Connecticut Program,Starla,Pathak,starla.pathak@tuftsmedicine.org,Tufts Med Ctr,Orthopaedic Surgery
4,University of Connecticut Program,Lynnette,St Louis,lynnette.stlouis@bmc.org,Boston Med Ctr,Orthopaedic Surgery
5,University of Connecticut Program,Michelle,Auger,michelle.auger@umassmed.edu,UMass Chan Medical School,Orthopaedic Surgery
6,University of Connecticut Program,Penny,Atherton,penny.a.atherton@hitchcock.org,Dartmouth-Hitchcock Med Ctr,Orthopaedic Surgery
7,University of Connecticut Program,Bernadette,Sessa,bernadette_sessa@brown.edu,Rhode Island Hosp,Orthopaedic Surgery
8,University of Connecticut Program,Melissa,Gara,melissa.gara@med.uvm.edu,Univ of Vermont Coll of Med,Orthopaedic Surgery
9,McGaw Medical Center of Northwestern University Program,Latisha,Emerson-Henderson,lemerson@nm.org,Northwestern Univ McGaw Med Ctr,Orthopaedic Surgery
10,McGaw Medical Center of Northwestern University Program,Theresa,Mora,tmora@uic.edu,Univ of Illinois Hosp,Orthopaedic Surgery
11,McGaw Medical Center of Northwestern University Program,Annie,Detrick,adetrick@bsd.uchicago.edu,Univ of Chicago Med Ctr,Orthopaedic Surgery
12,McGaw Medical Center of Northwestern University Program,Adriana,Ohl,adriana_ohl@rush.edu,Rush Univ Med Ctr,Orthopaedic Surgery
13,McGaw Medical Center of Northwestern University Program,Lucy,Salgado,lucy.salgado@luhs.org,Loyola Univ Med Ctr,Orthopaedic Surgery
14,McGaw Medical Center of Northwestern University Program,Tierra,Amos,tierra.amos@franciscanalliance.org,Franciscan Health-Olympia Fields,Orthopaedic Surgery
15,McGaw Medical Center of Northwestern University Program,Kelly,Cagle,kcagle33@siumed.edu,Southern Illinois Univ Sch of Med,Orthopaedic Surgery
16,McGaw Medical Center of Northwestern University Program,Tina,Lee,tinlee@iu.edu,IU Sch of Med,Orthopaedic Surgery
17,McGaw Medical Center of Northwestern University Program,Nicole,Smail,nsmail@med.umich.edu,Univ of Michigan Hosps,Orthopaedic Surgery
18,McGaw Medical Center of Northwestern University Program,Robin,Chastain,rchasta1@hfhs.org,Henry Ford Macomb Hosp,Orthopaedic Surgery
19,McGaw Medical Center of Northwestern University Program,Kathleen,Derrig,kderrig1@hfhs.org,Henry Ford Hosp,Orthopaedic Surgery
20,McGaw Medical Center of Northwestern University Program,Rachel,Ginnard,rginnard@dmc.org,Detroit Med Ctr,Orthopaedic Surgery
21,McGaw Medical Center of Northwestern University Program,Stephanie,Galyon,stephanie.galyon@corewellhealth.org,Corewell Health-Farmington Hills,Orthopaedic Surgery
22,McGaw Medical Center of Northwestern University Program,Alivia,Franklin,alivia.franklin@mclaren.org,McLaren Flint,Orthopaedic Surgery
23,McGaw Medical Center of Northwestern University Program,Galal,Arradi,garradi@primehealthcare.com,Garden City Hosp,Orthopaedic Surgery
24,McGaw Medical Center of Northwestern University Program,Nancy,Buck,nancy.buck@ascension.org,Ascension Genesys Hosp,Orthopaedic Surgery
25,McGaw Medical Center of Northwestern University Program,Becky,Hoebeke,becky.hoebeke@corewellhealth.org,Corewell Health Grand Rapids/Michigan St,Orthopaedic Surgery
26,McGaw Medical Center of Northwestern University Program,Laurie,Lynch,orthosurg@wmed.edu,WMU Homer Stryker MD Sch of Med,Orthopaedic Surgery
27,McGaw Medical Center of Northwestern University Program,UNKNOWN,UNKNOWN,UNKNOWN,UNKNOWN,Orthopaedic Surgery
28,McGaw Medical Center of Northwestern University Program,UNKNOWN,UNKNOWN,UNKNOWN,UNKNOWN,Orthopaedic Surgery
29,McGaw Medical Center of Northwestern University Program,Shawn,Shaw,shawn.shaw@mclaren.org,McLaren Macomb,Orthopaedic Surgery
30,McGaw Medical Center of Northwestern University Program,Allyson,Blaschka,allyson.blaschka@mclaren.org,McLaren Oakland,Orthopaedic Surgery
31,McGaw Medical Center of Northwestern University Program,Michela,DiCicco,michela.dicicco@corewellhealth.org,Beaumont Hosp-Royal Oak,Orthopaedic Surgery
32,McGaw Medical Center of Northwestern University Program,Yasmine,Farhat,yasmine.farhat@ascension.org,Ascension Providence Hosp,Orthopaedic Surgery
33,McGaw Medical Center of Northwestern University Program,Selma,Alesevic,selma.alesevic@umhwest.org,Univ of Michigan Health West,Orthopaedic Surgery
34,University of Iowa Hospitals and Clinics Program,Jessica,Dorsman,jessica-dorsman@uiowa.edu,Univ of Iowa Hosps and Clinics,Orthopaedic Surgery
35,University of Iowa Hospitals and Clinics Program,Amy,Phillips,aphillips3@kumc.edu,Univ of Kansas Med Ctr,Orthopaedic Surgery
36,University of Iowa Hospitals and Clinics Program,Katie,Flessner,kflessner@kumc.edu,Univ of Kansas Sch of Med-Wichita,Orthopaedic Surgery
37,University of Iowa Hospitals and Clinics Program,Anna,Landherr,landh011@umn.edu,Univ of Minnesota,Orthopaedic Surgery
38,University of Iowa Hospitals and Clinics Program,Channon,Cordes Cole,cole.channon@mayo.edu,Mayo Clinic,Orthopaedic Surgery
39,University of Iowa Hospitals and Clinics Program,Madison,Pearson,pearsonmp@health.missouri.edu,Univ of Missouri,Orthopaedic Surgery
40,University of Iowa Hospitals and Clinics Program,Amy,Davis,Amy.Davis@hcamidwest.com,Research Med Ctr,Orthopaedic Surgery
41,University of Iowa Hospitals and Clinics Program,Dasia,Talib,dasia.talib@uhkc.org,Univ Health Truman Med Ctr,Orthopaedic Surgery
42,University of Iowa Hospitals and Clinics Program,Janell,Britton,janell.britton@slucare.ssmhealth.com,Saint Louis Univ Sch of Med,Orthopaedic Surgery
43,University of Iowa Hospitals and Clinics Program,Maggie,Litteken,littekenm@wustl.edu,Washington Univ Sch of Med,Orthopaedic Surgery
44,University of Iowa Hospitals and Clinics Program,Sara,King,sara.king@sanfordhealth.org,Univ of North Dakota,Orthopaedic Surgery
45,University of Iowa Hospitals and Clinics Program,Jolene,Krueger,jolene.krueger@unmc.edu,Univ of Nebraska Med Ctr,Orthopaedic Surgery
46,MedStar Health/Georgetown University Hospital Program,Kim,Hall,keh108@gunet.georgetown.edu,MedStar Georgetown Univ Hosp,Orthopaedic Surgery
47,MedStar Health/Georgetown University Hospital Program,Yolanda,Porter,yporter@mfa.gwu.edu,George Washington University,Orthopaedic Surgery
48,MedStar Health/Georgetown University Hospital Program,Zambard,Carl,hczambard@huhosp.org,Howard Univ Hosp,Orthopaedic Surgery
49,MedStar Health/Georgetown University Hospital Program,Cheryl,Aguilar,cheryl.aguilar@hcahealthcare.com,Hca Florida Jfk Hospital/University Of M,Orthopaedic Surgery
50,MedStar Health/Georgetown University Hospital Program,Krystal,Ramos,orthoresidency@browardhealth.org,Broward Health,Orthopaedic Surgery
51,MedStar Health/Georgetown University Hospital Program,Kendra,Gordon,educationoffice@ortho.ufl.edu,Univ of Florida Coll of Med,Orthopaedic Surgery
52,MedStar Health/Georgetown University Hospital Program,Lisa,Hernandez,lisa.hernandez@jax.ufl.edu,Univ of Florida Coll of Med Jacksonville,Orthopaedic Surgery
53,MedStar Health/Georgetown University Hospital Program,Sarah,Shepard,Sarah.Shepard@hcahealthcare.com,HCA Florida Largo Hosp,Orthopaedic Surgery
54,MedStar Health/Georgetown University Hospital Program,Viveka,Spivey,orthoapp@med.miami.edu,Univ of Miami Jackson Memorial Hosp,Orthopaedic Surgery
55,MedStar Health/Georgetown University Hospital Program,Traci,Howard,traci.howard@hcahealthcare.com,HCA Florida Healthcare Ocala Hosp,Orthopaedic Surgery
56,MedStar Health/Georgetown University Hospital Program,Joann,Whittington,orl.orthoresidency@adventhealth.com,AdventHealth Orlando,Orthopaedic Surgery
57,MedStar Health/Georgetown University Hospital Program,Julie,Brown,julie.brown@orlandohealth.com,Orlando Health,Orthopaedic Surgery
58,MedStar Health/Georgetown University Hospital Program,Michelle,Adan-Hernandez,michelleh@larkinhospital.com,Larkin Community Hosp,Orthopaedic Surgery
59,MedStar Health/Georgetown University Hospital Program,Nikki,Rives,nrives@usf.edu,Univ of South Florida,Orthopaedic Surgery
60,MedStar Health/Georgetown University Hospital Program,Jl,Reed,ortho.residency@emory.edu,Emory University,Orthopaedic Surgery
61,MedStar Health/Georgetown University Hospital Program,Cheryl,Cundy,cheryl.cundy@wellstar.org,Wellstar Kennestone Regional Med Ctr,Orthopaedic Surgery
62,MedStar Health/Georgetown University Hospital Program,Shannon,Williford,swillifo@augusta.edu,Med Coll of Georgia,Orthopaedic Surgery
63,MedStar Health/Georgetown University Hospital Program,Kayla,Klotz,kayla.n.klotz.civ@health.mil,Dwight David Eisenhower Army Med Ctr,Orthopaedic Surgery
64,MedStar Health/Georgetown University Hospital Program,Ashley,Adolph,aadolph@lifebridgehealth.org,Sinai Hosp of Baltimore,Orthopaedic Surgery
65,MedStar Health/Georgetown University Hospital Program,Honor,Sanderford,OrthoEducation@jhmi.edu,Johns Hopkins Hosp,Orthopaedic Surgery
66,MedStar Health/Georgetown University Hospital Program,Kathy,Lind,kathy.lind@medstar.net,MedStar Union Memorial Hosp,Orthopaedic Surgery
67,MedStar Health/Georgetown University Hospital Program,Ashley,Olhaussen,AOlhausen@som.umaryland.edu,Univ of Maryland Med System,Orthopaedic Surgery
68,MedStar Health/Georgetown University Hospital Program,Eric,Brown,eric.l.brown24.civ@health.mil,Walter Reed National Military Med Ctr,Orthopaedic Surgery
69,MedStar Health/Georgetown University Hospital Program,Chanelle,Arsenault,chanelle_arsenault@med.unc.edu,Univ of North Carolina Hosps,Orthopaedic Surgery
70,MedStar Health/Georgetown University Hospital Program,Helen,Womack,helen.womack@atriumhealth.org,Carolinas Med Ctr-AH Mercy,Orthopaedic Surgery
71,University of Alabama Medical Center Program,Cindy,Perdue,cperdue@uabmc.edu,University of Alabama at Birmingham,Orthopaedic Surgery
72,University of Alabama Medical Center Program,Rhonda,Smith,rhondasmith@health.southalabama.edu,USA Health,Orthopaedic Surgery
73,University of Alabama Medical Center Program,Sarah,Marino,smarino@jhmhospital.com,Jack Hughston Memorial Hosp,Orthopaedic Surgery
74,University of Alabama Medical Center Program,Gage,Bradford,gage.bradford@uky.edu,Univ of Kentucky-Chandler Med Ctr,Orthopaedic Surgery
75,University of Alabama Medical Center Program,Monica,Welsh,mawels02@louisville.edu,Univ of Louisville,Orthopaedic Surgery
76,University of Alabama Medical Center Program,Amy,Kraus,akraus@umc.edu,Univ of Mississippi Med Ctr,Orthopaedic Surgery
77,University of Alabama Medical Center Program,Kim,Davis,kimberly.davis@erlanger.org,Univ of Tennessee Coll of Med-Chattanoog,Orthopaedic Surgery
78,University of Alabama Medical Center Program,Caitlin,Smith,smithcb2@etsu.edu,East Tennessee State Univ,Orthopaedic Surgery
79,University of Alabama Medical Center Program,Rosemary,Bankston,rbanksto@uthsc.edu,Univ of Tennessee-Campbell Clinic,Orthopaedic Surgery
80,University of Alabama Medical Center Program,Mara,Sweet,ortho-residency@vumc.org,Vanderbilt Univ Med Ctr,Orthopaedic Surgery
81,University of Arkansas for Medical Sciences (UAMS) College of Medicine Program,Carey,Smith,csmith9@uams.edu,Univ of Arkansas for Med Sciences,Orthopaedic Surgery
82,University of Arkansas for Medical Sciences (UAMS) College of Medicine Program,Linda,Flot,lflot@lsuhsc.edu,LSU Health Science Ctr New Orleans,Orthopaedic Surgery
83,University of Arkansas for Medical Sciences (UAMS) College of Medicine Program,Hayley,Everitt,hayley.everitt@ochsner.org,Ochsner Clinic Fnd,Orthopaedic Surgery
84,University of Arkansas for Medical Sciences (UAMS) College of Medicine Program,Elizabeth,Wesley,ewesley@tulane.edu,Tulane Sch of Med,Orthopaedic Surgery
85,University of Arkansas for Medical Sciences (UAMS) College of Medicine Program,Samantha,Vance,samantha.vance@lsuhs.edu,LSU Health Shreveport,Orthopaedic Surgery
86,University of Arkansas for Medical Sciences (UAMS) College of Medicine Program,UNKNOWN,UNKNOWN,UNKNOWN,UNKNOWN,Orthopaedic Surgery
87,University of Arkansas for Medical Sciences (UAMS) College of Medicine Program,Laura,Brown,laura.r.brown@okstate.edu,OSU Ctr for Health Sciences,Orthopaedic Surgery
88,University of Arkansas for Medical Sciences (UAMS) College of Medicine Program,Brenda,Aguirre,brenda.trigo@austin.utexas.edu,UT Dell Med Sch,Orthopaedic Surgery
89,University of Arkansas for Medical Sciences (UAMS) College of Medicine Program,Anna,Bingham,anna.bingham@bswhealth.org,Baylor Univ Med Ctr,Orthopaedic Surgery
90,University of Arkansas for Medical Sciences (UAMS) College of Medicine Program,Lorraine,Valdez,lorraine.valdez@utsouthwestern.edu,Univ of Texas Southwestern Med Ctr,Orthopaedic Surgery
91,University of Arkansas for Medical Sciences (UAMS) College of Medicine Program,Cat,Bailey,catherine.bailey@medicalcityhealth.com,Medical City Denton,Orthopaedic Surgery
92,University of Arkansas for Medical Sciences (UAMS) College of Medicine Program,Vanessa,Aguirre,agu22341@ttuhsc.edu,Texas Tech Univ HSC El Paso,Orthopaedic Surgery
93,University of Arkansas for Medical Sciences (UAMS) College of Medicine Program,Ramona,Guyden,rguyden@jpshealth.org,John Peter Smith Hosp,Orthopaedic Surgery
94,University of Arkansas for Medical Sciences (UAMS) College of Medicine Program,Stephanie,Thiem,slthiem@utmb.edu,Univ of Texas Med Branch Hosps,Orthopaedic Surgery
95,University of Arkansas for Medical Sciences (UAMS) College of Medicine Program,Alyssa,Bryan,afbryan@houstonmethodist.org,Houston Methodist Hosp,Orthopaedic Surgery
96,University of Arkansas for Medical Sciences (UAMS) College of Medicine Program,Lindsey,Hale,lindsey.hale@uth.tmc.edu,UTHealth Houston,Orthopaedic Surgery
97,University of Arkansas for Medical Sciences (UAMS) College of Medicine Program,Desi,Griffin,desig@bcm.edu,Baylor Coll of Med,Orthopaedic Surgery
98,University of Arkansas for Medical Sciences (UAMS) College of Medicine Program,Wanda,Williams,wanda.y.williams.civ@health.mil,San Antonio Military Med Ctr,Orthopaedic Surgery
99,University of Arkansas for Medical Sciences (UAMS) College of Medicine Program,UNKNOWN,UNKNOWN,UNKNOWN,UNKNOWN,Orthopaedic Surgery
100,University of Arkansas for Medical Sciences (UAMS) College of Medicine Program,Lashun,Matthews,matthewsl@uthscsa.edu,Univ of Texas HSC San Antonio,Orthopaedic Surgery
101,University of Arkansas for Medical Sciences (UAMS) College of Medicine Program,Cyndi,Kruedelbach,cyndi.kruedelbach@bswhealth.org,Scott and White Memorial Hosp,Orthopaedic Surgery
102,University of California (San Francisco)/Fresno Program,Lorena,Davis,lorena.davis@ucsf.edu,Community Regional Med Ctr,Orthopaedic Surgery
103,University of California (San Francisco)/Fresno Program,Chausa,Casey,cmcasey@llu.edu,Loma Linda Univ Sch of Med,Orthopaedic Surgery
104,University of California (San Francisco)/Fresno Program,Lorin,Williams,lorin.williams@cshs.org,Cedars-Sinai Med Ctr,Orthopaedic Surgery
105,University of California (San Francisco)/Fresno Program,Rebecca,Reyes,rgreyes@mednet.ucla.edu,UCLA Ctr for Health Sciences,Orthopaedic Surgery
106,University of California (San Francisco)/Fresno Program,Sylvia,Suarez,sylvia.suarez@med.usc.edu,Los Angeles General Medical Center,Orthopaedic Surgery
107,University of California (San Francisco)/Fresno Program,Misty,Hansen,misty.hansen@tenethealth.com,Valley Consortium for Med Education,Orthopaedic Surgery
108,University of California (San Francisco)/Fresno Program,Atrina,Johnson,atrina.johnson@ruhealth.org,Riverside Univ Health System,Orthopaedic Surgery
109,University of California (San Francisco)/Fresno Program,Teryn,Fedorco,tfedorco@hs.uci.edu,UC Irvine Med Ctr,Orthopaedic Surgery
110,University of California (San Francisco)/Fresno Program,Melanie,Bozarth,mbozarth@stanford.edu,Stanford Healthcare,Orthopaedic Surgery
111,University of California (San Francisco)/Fresno Program,Gillian,Soles,glsoles@ucdavis.edu,UC Davis Med Ctr,Orthopaedic Surgery
112,University of California (San Francisco)/Fresno Program,Shawna,Hook-Held,shookheld@health.ucsd.edu,UCSD Med Ctr,Orthopaedic Surgery
113,University of California (San Francisco)/Fresno Program,Rolando,Abeldano,rolando.abeldano.civ@health.mil,Naval Med Ctr San Diego,Orthopaedic Surgery
114,University of California (San Francisco)/Fresno Program,Johnson,Huang,johnson.huang@ucsf.edu,UCSF Med Ctr,Orthopaedic Surgery
115,University of California (San Francisco)/Fresno Program,Cheryl,Haynes,cheryl.haynes.gme@gmail.com,St Mary's Hosp and Med Ctr,Orthopaedic Surgery
116,University of California (San Francisco)/Fresno Program,Jonathan,Farley,jonathan.farley900@commonspirit.org,St Joseph's Med Ctr,Orthopaedic Surgery
117,University of California (San Francisco)/Fresno Program,Ana,Contreras,acontreras@dhs.lacounty.gov,Los Angeles County- Harbor-UCLA Med Ctr,Orthopaedic Surgery
118,University of California (San Francisco)/Fresno Program,Shelby,Martin,smartin@cmhshealth.org,Community Memorial Health System,Orthopaedic Surgery
119,University of California (San Francisco)/Fresno Program,Jamie,Castelo,jcastelo@hawaiiresidency.org,Univ of Hawaii Orthopaedic Residency Pro,Orthopaedic Surgery
120,University of California (San Francisco)/Fresno Program,Tessa,Johnson,tessa.m.johnson.civ@health.mil,Tripler Army Med Ctr,Orthopaedic Surgery
121,University of California (San Francisco)/Fresno Program,Ronda,Hathaway,medicaleducation@samhealth.org,Samaritan Health Services-Corvallis,Orthopaedic Surgery
122,University of California (San Francisco)/Fresno Program,Robin,Sasaoka,sasaokar@ohsu.edu,Oregon Health & Science Univ,Orthopaedic Surgery
123,University of California (San Francisco)/Fresno Program,Angela,Weiss,amweiss@uw.edu,Harborview Med Ctr,Orthopaedic Surgery
124,University of California (San Francisco)/Fresno Program,Araceli,Trinidad,araceli.c.trinidad.civ@health.mil,Madigan Army Med Ctr,Orthopaedic Surgery
125,University of Puerto Rico Program,Claribel,Rivera-Torres,claribel.rivera5@upr.edu,Univ of Puerto Rico Med Sciences,Orthopaedic Surgery
