,title,first_name,last_name,email,org,specialty
0,Cooper Medical School of Rowan University/Cooper University Hospital Program,Alyssa,Aranda,aranda-alyssa@cooperhealth.edu,Children's Regional Hosp,Pediatrics
1,Cooper Medical School of Rowan University/Cooper University Hospital Program,Taylor,Dalrymple,taylor.dalrymple@hmhn.org,Joseph M Sanzari Children's Hosp,Pediatrics
2,Cooper Medical School of Rowan University/Cooper University Hospital Program,Candace,Herman,candace.herman@rwjbh.org,Monmouth Med Ctr,Pediatrics
3,Cooper Medical School of Rowan University/Cooper University Hospital Program,Kiley,Alpert,kiley.alpert@atlantichealth.org,Goryeb Children's Hosp,Pediatrics
4,Cooper Medical School of Rowan University/Cooper University Hospital Program,Carol Lynn,Capizzi,carollynn.capizzi@hmhn.org,Jersey Shore Univ Med Ctr,Pediatrics
5,Cooper Medical School of Rowan University/Cooper University Hospital Program,Joanne,Edwards Algranati,jde59@rwjms.rutgers.edu,Rutgers Robert Wood Johnson Med Sch,Pediatrics
6,Cooper Medical School of Rowan University/Cooper University Hospital Program,Kuan,Chen,kuanchen@saintpetersuh.com,St Peter's Univ Hosp,Pediatrics
7,Cooper Medical School of Rowan University/Cooper University Hospital Program,Ebonni,Shaw,ebonni.shaw@rwjbh.org,Newark Beth Israel Med Ctr,Pediatrics
8,Cooper Medical School of Rowan University/Cooper University Hospital Program,Karen,Hilla,hillak@sjhmc.org,St Joseph's Univ Med Ctr,Pediatrics
9,Cooper Medical School of Rowan University/Cooper University Hospital Program,Katelyn,Daly,dalyk@amc.edu,Albany Med Ctr,Pediatrics
10,Cooper Medical School of Rowan University/Cooper University Hospital Program,Aileen,Mendez,amendez@montefiore.org,Children's Hosp Montefiore,Pediatrics
11,Cooper Medical School of Rowan University/Cooper University Hospital Program,Amy,Perez,amy.perez@nychhc.org,NYC H+H Jacobi/Albert Einstein Coll of M,Pediatrics
12,Cooper Medical School of Rowan University/Cooper University Hospital Program,Karla,Seams,kseams@sbhny.org,St Barnabas Hospital,Pediatrics
13,Cooper Medical School of Rowan University/Cooper University Hospital Program,Norisbel,Gonzalez,norisbel.gonzalez@nychhc.org,NYC Health+Hosps/Lincoln,Pediatrics
14,Cooper Medical School of Rowan University/Cooper University Hospital Program,Miriam,Flores,mflores@bronxcare.org,Bronx Care Health System,Pediatrics
15,Cooper Medical School of Rowan University/Cooper University Hospital Program,Kwame,Luke,kwame.luke@downstate.edu,SUNY Downstate Health Sciences Univ,Pediatrics
16,Cooper Medical School of Rowan University/Cooper University Hospital Program,Maria,Rodriguez,maria.rodriguez@nychhc.org,NYC Health+Hosps/Woodhull,Pediatrics
17,Cooper Medical School of Rowan University/Cooper University Hospital Program,Tina,Susi,tsusi@wyckoffhospital.org,Wyckoff Heights Med Ctr,Pediatrics
18,Cooper Medical School of Rowan University/Cooper University Hospital Program,Elizabeth,Sanchez,esanchez@bhmcny.org,One Brooklyn Health-Brookdale Hosp Med C,Pediatrics
19,Cooper Medical School of Rowan University/Cooper University Hospital Program,UNKNOWN,UNKNOWN,UNKNOWN,UNKNOWN,Pediatrics
20,Cooper Medical School of Rowan University/Cooper University Hospital Program,Yolanda,Grajales,yog9004@nyp.org,NewYork-Presbyterian/Brooklyn Methodist,Pediatrics
21,Cooper Medical School of Rowan University/Cooper University Hospital Program,Sharon,Deegan,sdeegan@maimonidesmed.org,Maimonides Med Ctr,Pediatrics
22,Cooper Medical School of Rowan University/Cooper University Hospital Program,Alessandra,Zerbo,azerbo@upa.chob.edu,UBMD Pediatrics,Pediatrics
23,Cooper Medical School of Rowan University/Cooper University Hospital Program,Samantha,Henderson,shenders@numc.edu,Nassau Univ Med Ctr,Pediatrics
24,Cooper Medical School of Rowan University/Cooper University Hospital Program,Ligia,Ruiz,ligia.ruiz@nychhc.org,NYC Health+Hosps/Elmhurst,Pediatrics
25,Cook County Health and Hospitals System Program,Karen,Ray-Williams,krwilliams@cookcountyhhs.org,Stroger Hosp of Cook County,Pediatrics
26,Cook County Health and Hospitals System Program,Madan,Kumar,recruitment@bsd.uchicago.edu,Univ of Chicago Comer Children's Hosp,Pediatrics
27,Cook County Health and Hospitals System Program,Diane,Arce,pedsprog@uic.edu,Univ of Illinois Hosp,Pediatrics
28,Cook County Health and Hospitals System Program,Gorden,Rhutasel,pedsres@luriechildrens.org,Lurie Children's Hosp of Chicago,Pediatrics
29,Cook County Health and Hospitals System Program,Claudia,Reyes,claudia_b_reyes@rush.edu,Rush Univ Med Ctr,Pediatrics
30,Cook County Health and Hospitals System Program,Natanya,Diaz,natanya.diaz@luhs.org,Loyola Univ Med Ctr,Pediatrics
31,Cook County Health and Hospitals System Program,Donna,Melero,donna.melero@aah.org,Advocate Christ Med Ctr,Pediatrics
32,Cook County Health and Hospitals System Program,Rachel,Schindler,ach-prpedsresidency@aah.org,Advocate Lutheran General Hosp,Pediatrics
33,Cook County Health and Hospitals System Program,Tammy,Livingston,tlliving@uic.edu,Univ of Illinois Coll of Med at Peoria,Pediatrics
34,Cook County Health and Hospitals System Program,Jackie,Ackerman,jackerman51@siumed.edu,Southern Illinois Univ Sch of Med,Pediatrics
35,Cook County Health and Hospitals System Program,Sophia,Smith,sophia.smith2@ascension.org,Peyton Manning Children's Hosp,Pediatrics
36,Cook County Health and Hospitals System Program,Ellia,John,eajohn@iu.edu,IU Riley Hosp for Children,Pediatrics
37,Cook County Health and Hospitals System Program,Andrea,DelGiudice,umpedsed@umich.edu,Univ of Michigan,Pediatrics
38,Cook County Health and Hospitals System Program,Maisha,Hossain,mhossain-gme@authorityhealth.org,Authority Health,Pediatrics
39,Cook County Health and Hospitals System Program,Kathleen,Sheppard,Kathleen.Sheppard@ascension.org,Ascension St John Hosp,Pediatrics
40,Cook County Health and Hospitals System Program,Stacy,Wilson,swilson9@dmc.org,Children's Hosp Michigan,Pediatrics
41,Cook County Health and Hospitals System Program,Audrina,Roberts,arobert5@hurleymc.com,Hurley Med Ctr,Pediatrics
42,Cook County Health and Hospitals System Program,Maggie,Ritter,maggie.ritter@corewellhealth.org,Corewell Health Helen DeVos Children's H,Pediatrics
43,Cook County Health and Hospitals System Program,Julia,Oswalt,julia.oswalt@wmed.edu,Western Michigan Univ Sch of Med,Pediatrics
44,Cook County Health and Hospitals System Program,Jodi,Gould,jodi.gould@umhsparrow.org,University of Michigan Sparrow Hosp/Mich,Pediatrics
45,Cook County Health and Hospitals System Program,Hanna,Hubbard,hanna.hubbard@corewellhealth.org,Corewell Health William Beaumont Univers,Pediatrics
46,Cook County Health and Hospitals System Program,Delaney,Trombley,cmedpediatrics@cmich.edu,Central Michigan University College of M,Pediatrics
47,Cook County Health and Hospitals System Program,Christine,Mayes,cmayes@akronchildrens.org,Children's Hosp Med Ctr Akron,Pediatrics
48,Cook County Health and Hospitals System Program,Tammy,Vanderbilt,tammy.vanderbilt@cchmc.org,Cincinnati Children's Hosp Med Ctr,Pediatrics
49,Cook County Health and Hospitals System Program,Nancy,Phuong,gmepediatrics@metrohealth.org,MetroHealth Med Ctr,Pediatrics
50,Central Iowa Health System (Iowa Methodist Medical Center) Program,Nina,Moser,cristina.moser@unitypoint.org,Blank Children's Hosp,Pediatrics
51,Central Iowa Health System (Iowa Methodist Medical Center) Program,Jolynn,Leyden-Schevers,susan-leydenschevers@uiowa.edu,Univ of Iowa Children's Hosp,Pediatrics
52,Central Iowa Health System (Iowa Methodist Medical Center) Program,Jordan,Mayer,jmayer2@kumc.edu,Kansas Univ Sch of Med-Wichita,Pediatrics
53,Central Iowa Health System (Iowa Methodist Medical Center) Program,Amy,Gaug,pedsres@umn.edu,Univ of Minnesota Med Ctr,Pediatrics
54,Central Iowa Health System (Iowa Methodist Medical Center) Program,Dawn,Schultz,schultz.dawn@mayo.edu,Mayo Clinic Graduate Sch of Med,Pediatrics
55,Central Iowa Health System (Iowa Methodist Medical Center) Program,Penny,Adams,adamspe@health.missouri.edu,MU Healthcare,Pediatrics
56,Central Iowa Health System (Iowa Methodist Medical Center) Program,Shelby,Kaup,programcoordinator@cmh.edu,Children's Mercy,Pediatrics
57,Central Iowa Health System (Iowa Methodist Medical Center) Program,Nikki,Hollander,nikki.hollander@wustl.edu,St Louis Children's Hosp,Pediatrics
58,Central Iowa Health System (Iowa Methodist Medical Center) Program,Patricia,Lotz,pedsres@slucare.ssmhealth.com,SSM Health Cardinal Glennon Children's H,Pediatrics
59,Central Iowa Health System (Iowa Methodist Medical Center) Program,Sarah,Julsrud,sarah.julsrud@und.edu,Univ of North Dakota Sch of Med,Pediatrics
60,Central Iowa Health System (Iowa Methodist Medical Center) Program,Cindy,Colpitts,ccolpitts@unmc.edu,Creighton-Nebraska Universities,Pediatrics
61,Central Iowa Health System (Iowa Methodist Medical Center) Program,Megan,Quandt,megan.quandt@sanfordhealth.org,Univ of South Dakota,Pediatrics
62,MedStar Health/Georgetown University Hospital Program,Janice,Thompson,janice.l.thompson@gunet.georgetown.edu,MedStar Georgetown Univ Hosp,Pediatrics
63,MedStar Health/Georgetown University Hospital Program,Lisa,Foster,pedres@childrensnational.org,Children's National Med Ctr,Pediatrics
64,MedStar Health/Georgetown University Hospital Program,Kiarra,Cannon,kiarra.cannon@nemours.org,Nemours Children's Hosp Delaware,Pediatrics
65,MedStar Health/Georgetown University Hospital Program,Victoria,Ramos,pedsresidency@browardhealth.org,Broward Health,Pediatrics
66,MedStar Health/Georgetown University Hospital Program,Michelle,Calano,calanom@ufl.edu,University of Florida,Pediatrics
67,MedStar Health/Georgetown University Hospital Program,Lissette,Frias-Castillo,lfriascastillo@mhs.net,Memorial Healthcare System,Pediatrics
68,MedStar Health/Georgetown University Hospital Program,Tara,McCormack,tara.mccormack@jax.ufl.edu,Univ of Florida Coll of Med-Jacksonville,Pediatrics
69,MedStar Health/Georgetown University Hospital Program,Anthony,Pearson-Shaver,anthony.pearsonshaver@hcahealthcare.com,Palms West Hosp,Pediatrics
70,MedStar Health/Georgetown University Hospital Program,Vivian,Dechard-Martell,vdechard@med.miami.edu,Univ of Miami Jackson Memorial Hosp,Pediatrics
71,MedStar Health/Georgetown University Hospital Program,Alina,Gonzalez,peds.coordinator@Nicklaushealth.org,Nicklaus Children's Hosp,Pediatrics
72,MedStar Health/Georgetown University Hospital Program,Nancy,Ramos,nancy.ramos@adventhealth.com,AdventHealth Orlando,Pediatrics
73,MedStar Health/Georgetown University Hospital Program,Kelley,Kirk,nchpedsres@nemours.org,Nemours Children's Hosp,Pediatrics
74,MedStar Health/Georgetown University Hospital Program,Lisa,Bailey,pedsres@orlandohealth.com,Orlando Regional Med Ctr,Pediatrics
75,MedStar Health/Georgetown University Hospital Program,Danika,Gretzinger,dgretzinger@ascension.org,Studer Family Children's Hosp,Pediatrics
76,MedStar Health/Georgetown University Hospital Program,Liz,Savic,esavic2@jhmi.edu,Johns Hopkins All Children's Hosp,Pediatrics
77,MedStar Health/Georgetown University Hospital Program,Kristen,Wilcox,kristen.wilcox@baycare.org,St Joseph's Children's Hosp,Pediatrics
78,MedStar Health/Georgetown University Hospital Program,Shawnette,Alford,salford@kpigme.com,4620 N 22nd St,Pediatrics
79,MedStar Health/Georgetown University Hospital Program,Kelly,Paulina,paulina@usf.edu,USF Health Morsani Coll of Med,Pediatrics
80,MedStar Health/Georgetown University Hospital Program,Rebecca,Sanders,jrile02@emory.edu,Emory Univ Sch of Med,Pediatrics
81,MedStar Health/Georgetown University Hospital Program,Venetta,Green,vgreen@msm.edu,Morehouse Sch of Med,Pediatrics
82,MedStar Health/Georgetown University Hospital Program,Erica,Schlachter,peds_residency_program@augusta.edu,Med Coll of Georgia,Pediatrics
83,MedStar Health/Georgetown University Hospital Program,Teresa,Beard,teresa.beard@atriumhealth.org,Atrium Health Navicent Med Ctr,Pediatrics
84,MedStar Health/Georgetown University Hospital Program,Ashleigh,Clark,ashleigh.clark@hcahealthcare.com,Memorial Univ Med Ctr,Pediatrics
85,MedStar Health/Georgetown University Hospital Program,Jason,Biegel,jbiegel@lifebridgehealth.org,Sinai Hospital of Baltimore,Pediatrics
86,MedStar Health/Georgetown University Hospital Program,Kathy,Mainhart,kmm@jhmi.edu,Johns Hopkins Hosp,Pediatrics
87,University of Alabama Medical Center Program,Kimberly,Butler,uabkids@peds.uab.edu,University of Alabama at Birmingham/Chil,Pediatrics
88,University of Alabama Medical Center Program,Nicole,Adair,nadair@health.southalabama.edu,USA Health Children's & Women's Hosp,Pediatrics
89,University of Alabama Medical Center Program,Jasmin,Wallace,PedsCoordinators@uky.edu,Univ of Kentucky Med Ctr,Pediatrics
90,University of Alabama Medical Center Program,Brittney,Luckett,brittney.luckett@louisville.edu,Univ of Louisville Sch of Med,Pediatrics
91,University of Alabama Medical Center Program,Melanie,Thaw,mthaw@umc.edu,Univ of Mississippi Med Ctr,Pediatrics
92,University of Alabama Medical Center Program,Ashley,Thurston,ashley.thurston@erlanger.org,Univ of Tennessee Coll of Med-Chattanooga,Pediatrics
93,University of Alabama Medical Center Program,Dennis,Calain,calaind@etsu.edu,James H Quillen Coll of Med,Pediatrics
94,University of Alabama Medical Center Program,Derrell,Bryant,dbryan14@uthsc.edu,Le Bonheur Children's Hosp,Pediatrics
95,University of Alabama Medical Center Program,Savannah,Britt,savannah.britt@vumc.org,Monroe Carell Jr Children's Hosp at Vand,Pediatrics
96,Phoenix Children's Hospital Program,Sandra,Barker,sbarker@phoenixchildrens.com,Phoenix Children's,Pediatrics
97,Phoenix Children's Hospital Program,Maria,Hanelin,maria.hanelin@tmcaz.com,TMC Health Medical Education Program,Pediatrics
98,Phoenix Children's Hospital Program,Melissa,Horne,melissahorne@arizona.edu,Univ of Arizona Coll of Med-Tucson,Pediatrics
99,Phoenix Children's Hospital Program,Taylor,Haug,pedrespro@childrenscolorado.org,Children's Hosp Colorado,Pediatrics
100,Phoenix Children's Hospital Program,Rhonda,Prudhomnme,rhondaprudhomme@fullcircleidaho.org,Full Circle Health,Pediatrics
101,Phoenix Children's Hospital Program,Gabby,Trujillo,hsc-pediatric-residency@salud.unm.edu,Univ of New Mexico,Pediatrics
102,Phoenix Children's Hospital Program,Terri,Eddy,terri.eddy@unlv.edu,Kirk Kerkorian Sch of Med at UNLV,Pediatrics
103,Phoenix Children's Hospital Program,Jorge,Pulido,pedsresidency@med.unr.edu,Univ of Nevada Reno Sch of Med,Pediatrics
104,Phoenix Children's Hospital Program,Natasha,Falero,Ped.Education@hsc.utah.edu,University of Utah - Primary Children's,Pediatrics
105,University of California (San Francisco)/Fresno Program,Bree,Godoy,bree.godoy@ucsf.edu,UCSF Fresno,Pediatrics
106,University of California (San Francisco)/Fresno Program,Christine,Roland,clroland@llu.edu,Loma Linda Univ Med Ctr,Pediatrics
107,University of California (San Francisco)/Fresno Program,Helen,Hernandez,prp@chla.usc.edu,Children's Hosp Los Angeles,Pediatrics
108,University of California (San Francisco)/Fresno Program,Adriana,Cassani,cassani@med.usc.edu,USC/Los Angeles General Med Ctr,Pediatrics
109,University of California (San Francisco)/Fresno Program,Program,Coordinator,socal.residency@kp.org,Kaiser Permanente Regional Offices,Pediatrics
110,University of California (San Francisco)/Fresno Program,Cherie,Lewis,pedsres@mednet.ucla.edu,UCLA Med Ctr,Pediatrics
111,University of California (San Francisco)/Fresno Program,Calvin,Lee,calvin.lee2@cshs.org,Cedars-Sinai Med Ctr,Pediatrics
112,University of California (San Francisco)/Fresno Program,Jackie,Greene,jgreene2@valleychildrens.org,Valley Children's Healthcare,Pediatrics
113,University of California (San Francisco)/Fresno Program,Trixy,Bulda,trixy.bulda@kp.org,Kaiser Permanente Oakland Med Ctr,Pediatrics
114,University of California (San Francisco)/Fresno Program,Katherine,Castillo,katherine.castillo@ucsf.edu,UCSF Benioff Children's Hospital Oakland,Pediatrics
115,University of California (San Francisco)/Fresno Program,Veronica,Melendez,pedsresidency@hs.uci.edu,UCI - CHOC,Pediatrics
116,University of California (San Francisco)/Fresno Program,Carrie,Johnson,pedsres@stanfordchildrens.org,Lucile Packard Children's Hosp,Pediatrics
117,University of California (San Francisco)/Fresno Program,Laurel,Sorensen,hs-pedsresidency@ucdavis.edu,UC Davis Health,Pediatrics
118,University of California (San Francisco)/Fresno Program,Shiella,Pia,shiellamarie.l.pia.civ@health.mil,Naval Med Ctr San Diego,Pediatrics
119,University of California (San Francisco)/Fresno Program,Allison,Reinhardt,pedsresidency@health.ucsd.edu,UC San Diego Pediatric Residency Trainin,Pediatrics
120,University of California (San Francisco)/Fresno Program,Ucsf,Pediatrics,thuyloan.nguyen@ucsf.edu,University of California San Francisco,Pediatrics
121,University of California (San Francisco)/Fresno Program,Sabrina,Orfalea,sorfalea@sbch.org,Santa Barbara Cottage Hosp,Pediatrics
122,University of California (San Francisco)/Fresno Program,Christan,Francis,cfrancis@dhs.lacounty.gov,Los Angeles County-Harbor-UCLA Med Ctr,Pediatrics
123,University of California (San Francisco)/Fresno Program,Sarah,Anisowicz,sarah.k.anisowicz.mil@health.mil,Tripler Army Med Ctr,Pediatrics
124,University of California (San Francisco)/Fresno Program,Dawn,Dural,ddural@hawaiiresidency.org,Kapiolani Med Ctr for Women and Children,Pediatrics
125,University of California (San Francisco)/Fresno Program,Michael,Grubbs,grubbsm@ohsu.edu,Oregon Health & Science Univ,Pediatrics
126,University of California (San Francisco)/Fresno Program,Scott,Olson,uwpeds@seattlechildrens.org,Seattle Children's Hosp,Pediatrics
127,University of California (San Francisco)/Fresno Program,Caitlyn,Frakes,pedsspokane.medicine@wsu.edu,Washington State Univ,Pediatrics
128,University of California (San Francisco)/Fresno Program,Crystal,Paresa,crystal.r.paresa.civ@health.mil,Madigan Army Med Ctr,Pediatrics
129,Puerto Rico Children's Hospital Program,Yiandra,Marrero Marrero,ymarrero@bayamon-medical.com,Puerto Rico Women and Children's Hosp,Pediatrics
130,Puerto Rico Children's Hospital Program,Nydia,Lopez,judysyta2003@yahoo.com,Hosp Episcopal San Lucas,Pediatrics
131,Puerto Rico Children's Hospital Program,Karina,Delgado,KJDelgado@sanjuan.pr,San Juan City Hospital,Pediatrics
132,Puerto Rico Children's Hospital Program,Yarilyz,Santiago,yarilyz.santiago@upr.edu,Univ of Puerto Rico Med Science Campus,Pediatrics
