,title,first_name,last_name,email,org,specialty
0,Yale-New Haven Medical Center Program,Lisa,Zucaro,lisa.zucaro@yale.edu,Yale-New Haven Med Ctr,Radiation Oncology
1,Yale-New Haven Medical Center Program,Barry,Mendelsohn,barry_mendelsohn@dfci.harvard.edu,Brigham and Women's Hosp,Radiation Oncology
2,Yale-New Haven Medical Center Program,Raymond,Anderson,raymond.anderson@tuftsmedicine.org,Tufts Med Ctr,Radiation Oncology
3,Yale-New Haven Medical Center Program,Rebecca,Johnson,rebecca.j.johnson@hitchcock.org,Dartmouth-Hitchcock Med Ctr,Radiation Oncology
4,Rutgers Health/Robert Wood Johnson Medical School Program,Susan,Niedzinski,sn445@cinj.rutgers.edu,Rutgers Cancer Institute,Radiation Oncology
5,Rutgers Health/Robert Wood Johnson Medical School Program,Uduakobong,Mark,umark@montefiore.org,Montefiore Med Ctr,Radiation Oncology
6,Rutgers Health/Robert Wood Johnson Medical School Program,Kino,Williams,kino.williams@downstate.edu,SUNY Downstate Health Sciences Univ,Radiation Oncology
7,Rutgers Health/Robert Wood Johnson Medical School Program,Silvia,Gonzalez,sig9006@nyp.org,NewYork-Presbyterian/Brooklyn Methodist,Radiation Oncology
8,Rutgers Health/Robert Wood Johnson Medical School Program,Michelle,Wahl,michelle.wahl@roswellpark.org,Roswell Park Comprehensive Cancer Ctr,Radiation Oncology
9,Rutgers Health/Robert Wood Johnson Medical School Program,Leonie,Randall,lrandall2@northwell.edu,Northwell Health,Radiation Oncology
10,Rutgers Health/Robert Wood Johnson Medical School Program,Emily,Timson,et2565@cumc.columbia.edu,NewYork-Presbyterian/Columbia Univ Med C,Radiation Oncology
11,Rutgers Health/Robert Wood Johnson Medical School Program,Melissa,Dawson,dawsonm@mskcc.org,Memorial Sloan-Kettering Cancer Ctr,Radiation Oncology
12,Rutgers Health/Robert Wood Johnson Medical School Program,Emily,Rawn,emily.rawn@nyulangone.org,NYU Langone Med Ctr,Radiation Oncology
13,Rutgers Health/Robert Wood Johnson Medical School Program,Ramona,Tirado,ramona.tirado@mountsinai.org,Mount Sinai Med Ctr,Radiation Oncology
14,Rutgers Health/Robert Wood Johnson Medical School Program,Michelle,Crary,michelle_crary@urmc.rochester.edu,Univ of Rochester Med Ctr,Radiation Oncology
15,Rutgers Health/Robert Wood Johnson Medical School Program,Vivian,Panicci,vivian.panicci@stonybrookmedicine.edu,Stony Brook Med,Radiation Oncology
16,Rutgers Health/Robert Wood Johnson Medical School Program,Angelika,Royal,royalang@upstate.edu,SUNY Upstate Med Univ,Radiation Oncology
17,Rutgers Health/Robert Wood Johnson Medical School Program,Phyllis,Lewis,phyllis.lewis@jefferson.edu,Thomas Jefferson Univ Hosp,Radiation Oncology
18,Rutgers Health/Robert Wood Johnson Medical School Program,Marlene,Kromchad,marlene.kromchad@pennmedicine.upenn.edu,Hosp of Univ of Pennsylvania,Radiation Oncology
19,Rutgers Health/Robert Wood Johnson Medical School Program,Shannon,Savelloni,Shannon.Savelloni@tuhs.temple.edu,Fox Chase Cancer Ctr,Radiation Oncology
20,Rutgers Health/Robert Wood Johnson Medical School Program,Susannah,Ellsworth,ellsworths3@upmc.edu,Univ of Pittsburgh Med Ctr,Radiation Oncology
21,Rutgers Health/Robert Wood Johnson Medical School Program,Stephen,Karlovits,stephen.karlovits@ahn.org,Allegheny General Hosp,Radiation Oncology
22,Rush University Medical Center Program,Christopher,Gualano,christopher_j_gualano@rush.edu,Rush Univ Med Ctr,Radiation Oncology
23,Rush University Medical Center Program,Cora,Tharps,ctharps@radonc.uchicago.edu,Univ of Chicago Med Ctr,Radiation Oncology
24,Rush University Medical Center Program,Shannon,Peck-Walden,speckwa1@nm.org,Northwestern Memorial Hosp,Radiation Oncology
25,Rush University Medical Center Program,Katherine,Blair,katherine.blair@luhs.org,Loyola Univ Med Ctr,Radiation Oncology
26,Rush University Medical Center Program,Sara,Zimmerman,skzimmer@iu.edu,Indiana Univ Sch of Med,Radiation Oncology
27,Rush University Medical Center Program,Stephanie,Carroll,mizestep@med.umich.edu,Univ of Michigan,Radiation Oncology
28,Rush University Medical Center Program,Lorrie,Cook,lcook1@hfhs.org,Henry Ford Hosp,Radiation Oncology
29,Rush University Medical Center Program,Mandy,Bullock,abulloc@med.wayne.edu,Detroit Medical Center /Wayne State Univ,Radiation Oncology
30,Rush University Medical Center Program,Carrie,Nieman,carolyn.nieman@corewellhealth.org,Corewell Health East William Beaumont Un,Radiation Oncology
31,Rush University Medical Center Program,UNKNOWN,UNKNOWN,UNKNOWN,UNKNOWN,Radiation Oncology
32,Rush University Medical Center Program,Dejalai,Alexander,dejalai.alexander@uhhospitals.org,Univ Hosps Cleveland Med Ctr,Radiation Oncology
33,Rush University Medical Center Program,Aylin,Correa,correaa5@ccf.org,Cleveland Clinic,Radiation Oncology
34,Rush University Medical Center Program,Meg,Decker,megan.decker@osumc.edu,The Ohio State University Wexner Medical,Radiation Oncology
35,Rush University Medical Center Program,Julie,Thomas,thomas@humonc.wisc.edu,Univ of Wisconsin Hosp and Clinics,Radiation Oncology
36,Rush University Medical Center Program,Patrice,Moya,pmoya@mcw.edu,Med Coll of Wisconsin,Radiation Oncology
37,University of Iowa Hospitals and Clinics Program,Rachel,Kadlec,rachel-kadlec@uiowa.edu,Univ of Iowa Hosps and Clinics,Radiation Oncology
38,University of Iowa Hospitals and Clinics Program,June,Cho,jcho6@kumc.edu,Univ of Kansas Med Ctr,Radiation Oncology
39,University of Iowa Hospitals and Clinics Program,Hannah,Morrone,gytri003@umn.edu,Univ of Minnesota Med Ctr,Radiation Oncology
40,University of Iowa Hospitals and Clinics Program,Pamela,Quinones,quinones.pamela@mayo.edu,Mayo Clinic,Radiation Oncology
41,University of Iowa Hospitals and Clinics Program,Allison,Lehman,allison.lehman@wustl.edu,Washington Univ Sch of Med,Radiation Oncology
42,University of Iowa Hospitals and Clinics Program,Jeanne,Badura,jbadura@unmc.edu,Univ of Nebraska Med Ctr,Radiation Oncology
43,MedStar Health/Georgetown University Hospital Program,Mariah,Walk,RadiationResidency@medstar.net,Georgetown Univ Hosp,Radiation Oncology
44,MedStar Health/Georgetown University Hospital Program,Nora,Martin,marnor@shands.ufl.edu,Univ of Florida Coll of Med,Radiation Oncology
45,MedStar Health/Georgetown University Hospital Program,Adriana,Perez,perez.adriana@mayo.edu,Mayo Clinic Jacksonville,Radiation Oncology
46,MedStar Health/Georgetown University Hospital Program,Yamira,Cuervo,ycuervo@med.miami.edu,Sylvester Comprehensive Cancer Ctr,Radiation Oncology
47,MedStar Health/Georgetown University Hospital Program,Angie,Courtney,angie.courtney@moffitt.org,H Lee Moffitt Cancer Ctr,Radiation Oncology
48,MedStar Health/Georgetown University Hospital Program,Susan,Brown,susan.brown@emory.edu,Winship Cancer Inst at Emory,Radiation Oncology
49,MedStar Health/Georgetown University Hospital Program,Tina,Doerer,tdoerer1@jh.edu,Johns Hopkins University,Radiation Oncology
50,MedStar Health/Georgetown University Hospital Program,Dionna,Robinson,dionna.robinson@umm.edu,Univ of Maryland Med Ctr,Radiation Oncology
51,MedStar Health/Georgetown University Hospital Program,Sara,Tinkham,sara_tinkham@med.unc.edu,Univ of North Carolina Hosps,Radiation Oncology
52,MedStar Health/Georgetown University Hospital Program,Allie,Mcardle,allison.mcardle@duke.edu,Duke Univ Health System,Radiation Oncology
53,MedStar Health/Georgetown University Hospital Program,UNKNOWN,UNKNOWN,UNKNOWN,UNKNOWN,Radiation Oncology
54,MedStar Health/Georgetown University Hospital Program,Jeffrey,Johnson,johnsjef@musc.edu,Med Univ of South Carolina,Radiation Oncology
55,MedStar Health/Georgetown University Hospital Program,Rebekah,McComb,rm5dg@uvahealth.org,Univ of Virginia Health System,Radiation Oncology
56,MedStar Health/Georgetown University Hospital Program,Jo,Lombardi,juana.lombardi@vcuhealth.org,VCU Health System,Radiation Oncology
57,MedStar Health/Georgetown University Hospital Program,David,Clump,mindy.salango@hsc.wvu.edu,WVU Hosp/School of Medicine,Radiation Oncology
58,University of Alabama Medical Center Program,Tracey,Cotton-Bickham,tcotton@uabmc.edu,Univ of Alabama Med Ctr,Radiation Oncology
59,University of Alabama Medical Center Program,Tracy,Parrott,tracy.parrott@uky.edu,University of Kentucky,Radiation Oncology
60,University of Alabama Medical Center Program,DeAnna,O'Connell,deanna.oconnell@louisville.edu,James Graham Brown Cancer Ctr,Radiation Oncology
61,University of Alabama Medical Center Program,Andie,Hand,ahand1@umc.edu,Univ of Mississippi Med Ctr,Radiation Oncology
62,University of Alabama Medical Center Program,Jasmine,Williams,jwill506@uthsc.edu,Univ of Tennessee Health Science Ctr,Radiation Oncology
63,University of Alabama Medical Center Program,Natalie,Lockney,natalie.lockney@vumc.org,Vanderbilt Univ Med Ctr,Radiation Oncology
64,University of Arkansas for Medical Sciences (UAMS) College of Medicine Program,Eleanor,Dickinson,eedickinson@uams.edu,Univ of Arkansas for Med Sciences,Radiation Oncology
65,University of Arkansas for Medical Sciences (UAMS) College of Medicine Program,Kari,Postlewait,kari-postlewait@ouhsc.edu,OU Health Sciences Ctr,Radiation Oncology
66,University of Arkansas for Medical Sciences (UAMS) College of Medicine Program,Sandra,Jeffery,sandra.jeffery@utsouthwestern.edu,Simmons Comprehensive Cancer Ctr,Radiation Oncology
67,University of Arkansas for Medical Sciences (UAMS) College of Medicine Program,Melissa,Greenwald,msgreenw@utmb.edu,Univ of Texas Med Branch Hosp,Radiation Oncology
68,University of Arkansas for Medical Sciences (UAMS) College of Medicine Program,Crystal,Sutton,crystal.sutton@bcm.edu,Baylor Coll of Med,Radiation Oncology
69,University of Arkansas for Medical Sciences (UAMS) College of Medicine Program,Vanessa,Moya,vsmoya@mdanderson.org,Univ of Texas M D Anderson Cancer Ctr,Radiation Oncology
70,University of Arkansas for Medical Sciences (UAMS) College of Medicine Program,Patricia,Candia,candia@uthscsa.edu,Univ of Texas HSC San Antonio,Radiation Oncology
71,University of Arkansas for Medical Sciences (UAMS) College of Medicine Program,Marguerite,Peters,Marguerite.Peters@BSWHealth.org,Baylor Scott & White-Temple,Radiation Oncology
72,Mayo Clinic College of Medicine and Science (Phoenix) Program,Heather,Wilson,wilson.heather2@mayo.edu,Mayo Clinic Arizona,Radiation Oncology
73,Mayo Clinic College of Medicine and Science (Phoenix) Program,Elizabeth,Schubert,easchubert@arizona.edu,Univ of Arizona Coll of Med-Tucson,Radiation Oncology
74,Mayo Clinic College of Medicine and Science (Phoenix) Program,Darlene,Macias,DARLENE.MACIAS@cuanschutz.edu,Univ of Colorado Denver Sch of Med,Radiation Oncology
75,Mayo Clinic College of Medicine and Science (Phoenix) Program,Mary,Williamson,mary.williamson@hci.utah.edu,Huntsman Cancer Hosp,Radiation Oncology
76,City of Hope National Medical Center Program,Thalia,Yaden,radiationresident@coh.org,City of Hope National Med Ctr,Radiation Oncology
77,City of Hope National Medical Center Program,Jessica,Bazo,jlbazo@ucsd.edu,UCSD Moores Cancer Ctr,Radiation Oncology
78,City of Hope National Medical Center Program,Pamela,Figueroa,pfigueroa@llu.edu,Loma Linda Univ Med Ctr,Radiation Oncology
79,City of Hope National Medical Center Program,UNKNOWN,UNKNOWN,UNKNOWN,UNKNOWN,Radiation Oncology
80,City of Hope National Medical Center Program,Sandra,Gonzalez,sandra.gonzalez@med.usc.edu,Los Angeles General Medical Center,Radiation Oncology
81,City of Hope National Medical Center Program,D,Nash,uclaradoncedu@mednet.ucla.edu,UCLA Med Ctr,Radiation Oncology
82,City of Hope National Medical Center Program,Program,Coordinator,socal.residency@kp.org,Kaiser Permanente Southern California,Radiation Oncology
83,City of Hope National Medical Center Program,Ruby,Pulido,rpulido2@hs.uci.edu,UC Irvine Med Ctr,Radiation Oncology
84,City of Hope National Medical Center Program,Tony,Giuliano,agiulian@stanford.edu,Stanford Health Care,Radiation Oncology
85,City of Hope National Medical Center Program,Tina,Roberts,tcroberts@ucdavis.edu,UC Davis Health System,Radiation Oncology
86,City of Hope National Medical Center Program,Miriam,Gray,miriam.gray@ucsf.edu,UCSF Med Ctr,Radiation Oncology
87,City of Hope National Medical Center Program,Niscelle,Ward,wardn@ohsu.edu,Oregon Health & Science Univ,Radiation Oncology
88,City of Hope National Medical Center Program,Gretchen,Lindenstein,uwrorp@uw.edu,Univ of Washington Sch of Med,Radiation Oncology
