,title,first_name,last_name,email,org,specialty
0,Danbury Hospital Program,Meryl,Glasser,meryl.glasser@nuvancehealth.org,Danbury Hosp,Surgery-General
1,Danbury Hospital Program,Janice,Hutchison,hutchison@uchc.edu,UConn Health,Surgery-General
2,Danbury Hospital Program,Karen,Johnson,karen.johnson@yale.edu,Yale-New Haven Hosp,Surgery-General
3,Danbury Hospital Program,Vanessa,Dyson,vdyson@stamhealth.org,Stamford Hosp,Surgery-General
4,Danbury Hospital Program,Deborah,Cipriano,deborah.cipriano@wtbyhosp.org,Waterbury Hosp,Surgery-General
5,Danbury Hospital Program,Gary,Hodge,gary.hodge@trinityhealthofne.org,St Mary's Hosp,Surgery-General
6,Danbury Hospital Program,Lana,Ketlere,lana.ketlere@bmc.org,Boston Univ Med Ctr,Surgery-General
7,Danbury Hospital Program,Annette,Cerulli,annette.cerulli@tuftsmedicine.org,Tufts Med Ctr,Surgery-General
8,Danbury Hospital Program,Stephanie,Nitzschke,surgeryeducation@bwh.harvard.edu,Brigham and Women's Hosp,Surgery-General
9,Danbury Hospital Program,Barbara,Wolf,bwolf3@mgb.org,Massachusetts General Hosp,Surgery-General
10,Danbury Hospital Program,Kelly,Moutsioulis,kmoutsio@bidmc.harvard.edu,Beth Israel Deaconess Med Ctr,Surgery-General
11,Danbury Hospital Program,Kerrie,DeVasto,kerrie.devasto@steward.org,St Elizabeth's Medical Center,Surgery-General
12,Danbury Hospital Program,Stacey,Walsh,stacey.a.walsh@lahey.org,Lahey Clinic,Surgery-General
13,Danbury Hospital Program,Paula,Downer,pdowner@bhs1.org,Berkshire Med Ctr,Surgery-General
14,Danbury Hospital Program,Joy,Isotti,joy.isotti@baystatehealth.org,UMass Chan-Baystate Health,Surgery-General
15,Danbury Hospital Program,Candace,Scanlon,candace.scanlon@umassmed.edu,Univ of Massachusetts Chan Med Sch,Surgery-General
16,Danbury Hospital Program,Frederica,Jackson,frederica.jackson@mainehealth.org,Maine Med Ctr,Surgery-General
17,Danbury Hospital Program,Frederica,Jackson,frederica.jackson@mainehealth.org,Maine Med Ctr,Surgery-General
18,Danbury Hospital Program,Amy,Davis,amy.e.davis@hitchcock.org,Dartmouth-Hitchcock Med Ctr,Surgery-General
19,Danbury Hospital Program,Ashlie,Haas-Rodriguez,ashlie.haasrodriguez@lifespan.org,Rhode Island Hosp,Surgery-General
20,Danbury Hospital Program,Linsey,Greenwood,linsey.greenwood@uvmhealth.org,Univ of Vermont Med Ctr,Surgery-General
21,CarePoint Health/Bayonne Medical Center Program,Sabah,Nazir,Sabah.Nazir@carepointhealth.org,Carepoint Health,Surgery-General
22,CarePoint Health/Bayonne Medical Center Program,Cathi,Cooney,gsprogram@cooperhealth.edu,Cooper Univ Hosp,Surgery-General
23,CarePoint Health/Bayonne Medical Center Program,Damien,DiStefano,ddistefa@virtua.org,Virtua Healthcare,Surgery-General
24,CarePoint Health/Bayonne Medical Center Program,Wanda,Harvey,surgicalresidencyhumc@hackensackmeridian.org,HMH Hackensack Univ Med Ctr,Surgery-General
25,CarePoint Health/Bayonne Medical Center Program,Kylee,Tacopino,kylee.tacopino@rwjbh.org,Monmouth Med Ctr,Surgery-General
26,CarePoint Health/Bayonne Medical Center Program,Altagrace,Maurice,altagrace.maurice@atlantichealth.org,Morristown Med Ctr,Surgery-General
27,CarePoint Health/Bayonne Medical Center Program,Jennifer,McIntyre,mcintyrej@ihn.org,Inspira Health Network,Surgery-General
28,CarePoint Health/Bayonne Medical Center Program,Judith,Willoughby,judith.willoughby@hmhn.org,Jersey Shore Univ Med Ctr,Surgery-General
29,CarePoint Health/Bayonne Medical Center Program,Marissa,Richetti,mazzolma@rwjms.rutgers.edu,Rutgers Robert Wood Johnson Med Sch,Surgery-General
30,CarePoint Health/Bayonne Medical Center Program,Nicole,Grimsley,ng615@njms.rutgers.edu,Rutgers Health/New Jersey Med Sch,Surgery-General
31,CarePoint Health/Bayonne Medical Center Program,Dana,Ciongoli Mota,dana.ciongoli@hmhn.org,Palisades Medical Center,Surgery-General
32,CarePoint Health/Bayonne Medical Center Program,Megan,Szedlacik,mszedla@valleyhealth.com,Icahn School of Medicine at Mount Sinai,Surgery-General
33,CarePoint Health/Bayonne Medical Center Program,Suzanne,Seifert,seiferts@sjhmc.org,St Joseph's Univ Med Ctr,Surgery-General
34,CarePoint Health/Bayonne Medical Center Program,Jacqueline,Nizza,jnizza@holyname.org,Holy Name Medical Center,Surgery-General
35,CarePoint Health/Bayonne Medical Center Program,Cynthia,Nwana,cynthia.nwana@rwjbh.org,Community Med Center,Surgery-General
36,CarePoint Health/Bayonne Medical Center Program,Kimberly,Jada,jadak@amc.edu,Albany Med Ctr,Surgery-General
37,CarePoint Health/Bayonne Medical Center Program,Cathy,Kourtis,ckourtis@northwell.edu,South Shore Univ Hosp,Surgery-General
38,CarePoint Health/Bayonne Medical Center Program,Debra,Chambers,dechambe@montefiore.org,Montefiore Med Ctr,Surgery-General
39,CarePoint Health/Bayonne Medical Center Program,Roxanne,Gonzalez,roxanne.gonzalez@nychhc.org,NYC Health+Hosps/Lincoln,Surgery-General
40,CarePoint Health/Bayonne Medical Center Program,Corinne,Acevedo,cacevedo@sbhny.org,SBH Health System,Surgery-General
41,CarePoint Health/Bayonne Medical Center Program,Gabrielle,Vega,gsr@bronxcare.org,BronxCare Health System,Surgery-General
42,CarePoint Health/Bayonne Medical Center Program,Marianne,Mylan,mmylan@bhmcny.org,Brookdale Univ Hosp and Med Ctr,Surgery-General
43,CarePoint Health/Bayonne Medical Center Program,Seema,Chauhan,schauhan@maimo.org,Maimonides Med Ctr,Surgery-General
44,CarePoint Health/Bayonne Medical Center Program,Karina,Meyerovitch,kab2024@nyp.org,NewYork-Presbyterian/Brooklyn Methodist,Surgery-General
45,CarePoint Health/Bayonne Medical Center Program,Theodora,Mompoint,theodora.mompoint@downstate.edu,SUNY Downstate Med Ctr,Surgery-General
46,University of Chicago Program,Carmen,Barr,cbarr@bsd.uchicago.edu,Univ of Chicago Medical Center,Surgery-General
47,University of Chicago Program,Jenna,Little,jenna.little@nm.org,McGaw Med Ctr Northwestern Univ,Surgery-General
48,University of Chicago Program,Alison,Sendra,gensurg_recruitment@rush.edu,Rush University Medical Center,Surgery-General
49,University of Chicago Program,Patricia,Holden,patricia.holden@sinai.org,Mount Sinai Hosp Med Ctr,Surgery-General
50,University of Chicago Program,Gerald,Gantt,surg-residency@uic.edu,Univ of Illinois Chicago,Surgery-General
51,University of Chicago Program,Camelia,Stanciu,camelia.stanciu@ascension.org,Ascension St Joseph Hosp-Chicago,Surgery-General
52,University of Chicago Program,Pamela,Thomas,pam.willis@aah.org,Advocate Illinois Masonic Med Ctr,Surgery-General
53,University of Chicago Program,Anitra,Harvey,Anitra.Harvey@luhs.org,Loyola Univ Med Ctr,Surgery-General
54,University of Chicago Program,Kristin,Washagan,kristin.washagan@franciscanalliance.org,Franciscan Health-Olympia Fields,Surgery-General
55,University of Chicago Program,Katie,Esparza,lgh-advocategeneralsurgery@aah.org,Advocate Health Care Lutheran General Ho,Surgery-General
56,University of Chicago Program,Kathy,Slater,kjslater@uic.edu,Univ of Illinois Coll of Med-Peoria,Surgery-General
57,University of Chicago Program,Amber,Cruze,acruze64@siumed.edu,Southern Illinois Univ Sch of Med,Surgery-General
58,University of Chicago Program,Stephanie,Workman,stephanie.workman@carle.com,Carle Foundation Hosp,Surgery-General
59,University of Chicago Program,Allie,Felts,allie.felts@parkview.com,Parkview Health,Surgery-General
60,University of Chicago Program,Lisa,Stuart,lisa.stuart@ascension.org,St Vincent Hosp,Surgery-General
61,University of Chicago Program,MiMi,Arrington,mimiarri@iu.edu,Indiana Univ Sch of Med,Surgery-General
62,University of Chicago Program,Lisa,Leininger,leiningl@med.umich.edu,Univ of Michigan,Surgery-General
63,University of Chicago Program,Antoinette,Hogan,ahogan4@hfhs.org,Henry Ford Macomb Hosp,Surgery-General
64,University of Chicago Program,Jill,Balazsi,jill.balazsi@corewellhealth.org,Corewell Health- Dearborn,Surgery-General
65,University of Chicago Program,Megan,Mazzola,mmazzol2@hfhs.org,Henry Ford Health,Surgery-General
66,University of Chicago Program,Dana,Cooley,dcoole@med.wayne.edu,Wayne State Univ/Detroit Med Ctr,Surgery-General
67,University of Chicago Program,Shatika,Andrews,sandrews2@dmc.org,Sinai-Grace Hosp,Surgery-General
68,University of Chicago Program,Holly,Siegert,holly.siegert@ascension.org,Ascension St John Hosp,Surgery-General
69,University of Chicago Program,Jeffrey,Anderson,jeffry.anderson@corewellhealth.org,Beaumont Hosp-Farmington Hills,Surgery-General
70,University of Chicago Program,Mary,Buettner,mbuettner@primehealthcare.com,Garden City Hosp,Surgery-General
71,MercyOne Des Moines/PHC Consortium Program,Rachel,Edmundson,redmundson@mercydesmoines.org,MercyOne Des Moines Med Ctr,Surgery-General
72,MercyOne Des Moines/PHC Consortium Program,Christa,Richards,christa.richards@unitypoint.org,Iowa Methodist Med Ctr UPH-DM,Surgery-General
73,MercyOne Des Moines/PHC Consortium Program,Jen,Greer,jennifer-greer@uiowa.edu,Univ of Iowa Hosps and Clinics,Surgery-General
74,MercyOne Des Moines/PHC Consortium Program,Kate,Willems,kwillems@kumc.edu,Univ of Kansas Med Ctr,Surgery-General
75,MercyOne Des Moines/PHC Consortium Program,Lori,Haney,lori.haney@hcamidwest.com,Menorah Med Ctr,Surgery-General
76,MercyOne Des Moines/PHC Consortium Program,Dawn,Fountain,dfountain@kumc.edu,University of Kansas - Wichita,Surgery-General
77,MercyOne Des Moines/PHC Consortium Program,Danelle,Sullivan,surgeryresidency@hcmed.org,Hennepin County Med Ctr,Surgery-General
78,MercyOne Des Moines/PHC Consortium Program,Sarah,Erickson,surgedmn@umn.edu,Univ of Minnesota Med Ctr,Surgery-General
79,MercyOne Des Moines/PHC Consortium Program,Jonie,Keune,mgsm.roch.mn.surgery@mayo.edu,Mayo Clinic,Surgery-General
80,MercyOne Des Moines/PHC Consortium Program,Myranda,Gilmore,mgilmore2@primehealthcare.com,St Mary's Med Ctr,Surgery-General
81,MercyOne Des Moines/PHC Consortium Program,Sarah,Groves,smgnx2@umsystem.edu,Univ of Missouri Hosps and Clinics,Surgery-General
82,MercyOne Des Moines/PHC Consortium Program,Jessica,Mcdowell-Sigars,Jessica.Mcdowell-Sigars@uhkc.org,Univ Health Truman Med Ctr,Surgery-General
83,MercyOne Des Moines/PHC Consortium Program,Christa,Donald,asksurgery@wustl.edu,Washington Univ/B-JH/SLCH Consortium,Surgery-General
84,MercyOne Des Moines/PHC Consortium Program,Laura,Bianchi,laura.bianchi@slucare.ssmhealth.com,St Louis Univ Sch of Med,Surgery-General
85,MercyOne Des Moines/PHC Consortium Program,Tonya,Murphy,gsresidency@und.edu,Univ of North Dakota,Surgery-General
86,MercyOne Des Moines/PHC Consortium Program,Toni,Laux,tmlaux@unmc.edu,Univ of Nebraska Med Ctr,Surgery-General
87,MercyOne Des Moines/PHC Consortium Program,Jessica,Wong,jessicawong1@creighton.edu,Creighton University - CUMC Bergan Mercy,Surgery-General
88,MercyOne Des Moines/PHC Consortium Program,Margie,Schade,margie.schade@sanfordhealth.org,USD Sanford Sch of Med,Surgery-General
89,MedStar Health/Georgetown-Washington Hospital Program,Veronica,Mizell,Veronica.g.mizell@medstar.net,MedStar Georgetown University Hospital,Surgery-General
90,MedStar Health/Georgetown-Washington Hospital Program,Robert,Pakan,rpakan@mfa.gwu.edu,George Washington Univ,Surgery-General
91,MedStar Health/Georgetown-Washington Hospital Program,Michelle,Lee,mlee@huhosp.org,Howard University Hospital,Surgery-General
92,MedStar Health/Georgetown-Washington Hospital Program,Crystal,Cottle,surgeryresidency@bayhealth.org,Bayhealth Med Ctr Inc,Surgery-General
93,MedStar Health/Georgetown-Washington Hospital Program,Mercedes,Culler,mculler@christianacare.org,Christiana Care Health System,Surgery-General
94,MedStar Health/Georgetown-Washington Hospital Program,Zuzanna,Krawiec,zuzanna.krawiec@hcahealthcare.com,JFK Med Ctr,Surgery-General
95,MedStar Health/Georgetown-Washington Hospital Program,Hillary,Cohen,hdcohen@health.fau.edu,Florida Atlantic Univ,Surgery-General
96,MedStar Health/Georgetown-Washington Hospital Program,Israel,Marmolejos,israel.marmolejos@hcahealthcare.com,HCA Brandon Hosp,Surgery-General
97,MedStar Health/Georgetown-Washington Hospital Program,Alex,Hall,surgresidency@browardhealth.org,Broward Health Med Ctr,Surgery-General
98,MedStar Health/Georgetown-Washington Hospital Program,Anna,Volkodav,axv846@med.miami.edu,Holy Cross Hosp,Surgery-General
99,MedStar Health/Georgetown-Washington Hospital Program,Sarah,Adalsha,Sarah.adalsha@hcahealthcare.com,HCA Florida Lawnwood,Surgery-General
100,MedStar Health/Georgetown-Washington Hospital Program,Kassandra,Moench,kassandra.moench@surgery.ufl.edu,Univ of Florida Coll of Med,Surgery-General
101,MedStar Health/Georgetown-Washington Hospital Program,Daniela,Besler,Daniela.Besler@hcahealthcare.com,HCA Florida Bayonet Point Hosp,Surgery-General
102,MedStar Health/Georgetown-Washington Hospital Program,Stacy,Matthews,stacy.matthews@jax.ufl.edu,Univ of Florida Coll of Med-Jacksonville,Surgery-General
103,MedStar Health/Georgetown-Washington Hospital Program,Erin,Rodriguez,rodriguez.erin@mayo.edu,Mayo Clinic Jacksonville,Surgery-General
104,MedStar Health/Georgetown-Washington Hospital Program,Autumn,Wade,autumn.wade@mylrh.org,Lakeland Regional Health,Surgery-General
105,MedStar Health/Georgetown-Washington Hospital Program,Jorge,Mendieta,jorge.mendieta@hcahealthcare.com,HCA Florida Kendall Hosp,Surgery-General
106,MedStar Health/Georgetown-Washington Hospital Program,Claudia,Pace,claudia.pace@baptisthealth.net,8900 N Kendall Dr,Surgery-General
107,MedStar Health/Georgetown-Washington Hospital Program,Tanya,Spencer,tspencer@med.miami.edu,Jackson Memorial Med Ctr,Surgery-General
108,MedStar Health/Georgetown-Washington Hospital Program,April,Chisolm,april.chisolm@msmc.com,Mount Sinai Med Ctr,Surgery-General
109,MedStar Health/Georgetown-Washington Hospital Program,Linda,White,Linda.White5@hcahealthcare.com,HCA Florida Ocala Hosp,Surgery-General
110,MedStar Health/Georgetown-Washington Hospital Program,Kartina,Davis,Katrina.Davis2@hcahealthcare.com,Orange Park Med Ctr,Surgery-General
111,MedStar Health/Georgetown-Washington Hospital Program,Ana,Acevedo,ana.acevedo@hcahealthcare.com,HCA Florida Osceola Hospital,Surgery-General
112,MedStar Health/Georgetown-Washington Hospital Program,Ann,Mitrano,r-surgeryresidency@orlandohealth.com,Orlando Health,Surgery-General
113,MedStar Health/Georgetown-Washington Hospital Program,Maria,Cepero,maria.cepero@adventhealth.com,AdventHealth,Surgery-General
114,Brookwood Baptist Health Program,Ansley,Powell,ansley.powell@bhsala.com,Brookwood Baptist Health,Surgery-General
115,Brookwood Baptist Health Program,Olivia,Ricks,generalsurgery@uabmc.edu,Univ of Alabama Med Ctr,Surgery-General
116,Brookwood Baptist Health Program,Tyronda,Rogers,tmrogers@health.southalabama.edu,USA Health Univ Hosp,Surgery-General
117,Brookwood Baptist Health Program,Emily,Jewell,jeweea@mchealth.net,Med Ctr at Bowling Green,Surgery-General
118,Brookwood Baptist Health Program,Sarah,Steen,sarahsteen@uky.edu,Univ of Kentucky,Surgery-General
119,Brookwood Baptist Health Program,Machenize,Eason,m.eason@louisville.edu,Univ of Louisville Hosp,Surgery-General
120,Brookwood Baptist Health Program,Renee,Greene,surgapp@umc.edu,Univ of Mississippi Med Ctr,Surgery-General
121,Brookwood Baptist Health Program,Angela,Dillon,angela.j.dillon.civ@mail.mil,Keesler Med Ctr,Surgery-General
122,Brookwood Baptist Health Program,Maggie,Hamblen,maggie.hamblen@universitysurgical.com,Univ of Tennessee Coll of Med-Chattanoog,Surgery-General
123,Brookwood Baptist Health Program,Amy,Lafollete,lafollettea@etsu.edu,ETSU Quillen Coll of Med,Surgery-General
124,Brookwood Baptist Health Program,Kristi,Edsell,kedsell@utmck.edu,Univ of Tennessee Med Ctr,Surgery-General
125,Brookwood Baptist Health Program,Cynthia,Tooley,ctooley@uthsc.edu,Univ of Tennessee Health Science Ctr,Surgery-General
126,Brookwood Baptist Health Program,Emily,Craig,emily.craig@bmhcc.org,Baptist Memorial Med Education,Surgery-General
127,Brookwood Baptist Health Program,Melissa,Riley,melissa.riley@ascension.org,Ascension St Thomas Hosp West,Surgery-General
128,Brookwood Baptist Health Program,Kaitlyn,Jones,kaitlyn.jones@vumc.org,Vanderbilt Univ Med Ctr,Surgery-General
129,University of Arkansas for Medical Sciences (UAMS) College of Medicine Program,Carol,Crowley,crowleycarola@uams.edu,Univ of Arkansas for Med Sciences,Surgery-General
130,University of Arkansas for Medical Sciences (UAMS) College of Medicine Program,Michela,Daigle,michela.daigle@ochsner.org,Ochsner Lafayette General Med Ctr,Surgery-General
131,University of Arkansas for Medical Sciences (UAMS) College of Medicine Program,Jeanne,Zar,jzar@lsuhsc.edu,LSU Health Sciences Ctr New Orleans,Surgery-General
132,University of Arkansas for Medical Sciences (UAMS) College of Medicine Program,Grace,Millsaps,emillsaps@tulane.edu,Tulane Sch of Med,Surgery-General
133,University of Arkansas for Medical Sciences (UAMS) College of Medicine Program,Denise,Pinkston,dpinkston@ochsner.org,Ochsner Clinic Foundation,Surgery-General
134,University of Arkansas for Medical Sciences (UAMS) College of Medicine Program,Deanna,Morse,gensurgresidency@wkhs.com,Willis-Knighton Med Ctr,Surgery-General
135,University of Arkansas for Medical Sciences (UAMS) College of Medicine Program,Ginny,Hammock,ginny.hammock@lsuhs.edu,LSU Health Shreveport,Surgery-General
136,University of Arkansas for Medical Sciences (UAMS) College of Medicine Program,Berta,Orta,berta-orta@ouhsc.edu,Univ of Oklahoma Health Sciences Ctr,Surgery-General
137,University of Arkansas for Medical Sciences (UAMS) College of Medicine Program,Kimbra,Freeman,kimbra.freeman@okstate.edu,OSU Ctr for Health Sciences,Surgery-General
138,University of Arkansas for Medical Sciences (UAMS) College of Medicine Program,Juli,Sensintaffar,juli-sensintaffar@ouhsc.edu,Univ of Oklahoma Sch of Community Med-Tu,Surgery-General
139,University of Arkansas for Medical Sciences (UAMS) College of Medicine Program,Julie,Mann,julie.mann@ttuhsc.edu,1400 S Coulter St,Surgery-General
140,University of Arkansas for Medical Sciences (UAMS) College of Medicine Program,Shannon,Southerland,shannon.southerland@ascension.org,Dell Seton Med Ctr,Surgery-General
141,University of Arkansas for Medical Sciences (UAMS) College of Medicine Program,Ashley,Vasquez,elizabeth.vasquez@stdavids.com,St David's South Austin Med Ctr,Surgery-General
142,University of Arkansas for Medical Sciences (UAMS) College of Medicine Program,Kathy,Flesher,katherineflesher@mhd.com,Methodist Health System,Surgery-General
143,University of Arkansas for Medical Sciences (UAMS) College of Medicine Program,Wendy,Shelley,wendy.shelley@bswhealth.org,Baylor Univ Med Ctr,Surgery-General
144,University of Arkansas for Medical Sciences (UAMS) College of Medicine Program,Rachael,Lefevre,rachael.lefevre@utsouthwestern.edu,Univ of Texas Southwestern Med Ctr,Surgery-General
145,University of Arkansas for Medical Sciences (UAMS) College of Medicine Program,Larisa,Garcia,ld.rodriguez@dhr-rgv.com,Doctors Hospital at Renaissance Ltd,Surgery-General
146,University of Arkansas for Medical Sciences (UAMS) College of Medicine Program,Yesenia,Harper,elpasosurgeryresidency@ttuhsc.edu,Texas Tech Univ HSC Foster Sch of Med,Surgery-General
147,University of Arkansas for Medical Sciences (UAMS) College of Medicine Program,Karen,Moten,karen.a.moten.civ@health.mil,William Beaumont Army Med Ctr,Surgery-General
148,University of Arkansas for Medical Sciences (UAMS) College of Medicine Program,Wendy,Schuerman,wendy.schuerman@bswhealth.org,Baylor Scott and White All Saints,Surgery-General
149,University of Arkansas for Medical Sciences (UAMS) College of Medicine Program,Christina,Martinez,thfw.gs.residency@texashealth.org,Texas Health Resources Fort Worth,Surgery-General
150,University of Arkansas for Medical Sciences (UAMS) College of Medicine Program,Estella,Carrasco,edruiz@utmb.edu,Univ of Texas Med Branch Hosps,Surgery-General
151,University of Arkansas for Medical Sciences (UAMS) College of Medicine Program,Sonia,Padilla,sonia.padilla@utrgv.edu,Univ of Texas Rio Grande Valley,Surgery-General
152,University of Arkansas for Medical Sciences (UAMS) College of Medicine Program,Morgan,Fields,gsprograms@bcm.edu,Baylor Coll of Med,Surgery-General
153,University of Arkansas for Medical Sciences (UAMS) College of Medicine Program,Kimberly,Curtis,kimberly.a.currtis@uth.tmc.edu,Univ of Texas HSC Houston,Surgery-General
154,Dignity Health East Valley Program,Jelaya,McNair,jelaya.mcnair@commonspirit.org,Dignity Health East Valley,Surgery-General
155,Dignity Health East Valley Program,Elena,Urbieta,elena.urbieta@abrazohealth.com,Abrazo Arrowhead Campus,Surgery-General
156,Dignity Health East Valley Program,Ruben,Ortiz,ruortiz@honorhealth.com,Mountain Vista Med Ctr,Surgery-General
157,Dignity Health East Valley Program,Vicki,Francies,gsresidency@honorhealth.com,HonorHealth John C Lincoln Med Ctr,Surgery-General
158,Dignity Health East Valley Program,Leah,Moore,moore.leah@mayo.edu,Mayo Clinic Arizona,Surgery-General
159,Dignity Health East Valley Program,Elese,Bates,elese.bates@bannerhealth.com,Banner-Univ Med Ctr Phoenix,Surgery-General
160,Dignity Health East Valley Program,Lila,Mirza,lilamirza@creighton.edu,Creighton University School of Medicine-,Surgery-General
161,Dignity Health East Valley Program,Jessica,Taylor,jessicataylor1@arizona.edu,Univ of Arizona Coll of Med-Tucson,Surgery-General
162,Dignity Health East Valley Program,Brittney,Reyes,brittney.reyes@cuanschutz.edu,Univ of Colorado Denver Sch of Med,Surgery-General
163,Dignity Health East Valley Program,Sherry,Morgan,sherry.morgan@imail.org,St Joseph Hosp,Surgery-General
164,Dignity Health East Valley Program,Regina,Brooks,regina.brooks@healthonecares.com,Swedish Med Ctr,Surgery-General
165,Dignity Health East Valley Program,Norma Jean,Mayes,normajeanmayes@centura.org,St Anthony Hosp,Surgery-General
166,Dignity Health East Valley Program,Whitney,Tedder,whitney.tedder@hcahealthcare.com,Sky Ridge Med Ctr,Surgery-General
167,Dignity Health East Valley Program,Bernadita,Pierce,bpierce@salud.unm.edu,Univ of New Mexico Health Science Ctr,Surgery-General
168,Dignity Health East Valley Program,Devon,Breceda,devon.breceda@hcahealthcare.com,MountainView Hosp,Surgery-General
169,Dignity Health East Valley Program,Julius,Samatra,juliusrichard.samatra@uhsinc.com,Valley Health System,Surgery-General
170,Dignity Health East Valley Program,Susan,Thompson,susan.thompson1@unlv.edu,Kirk Kerkorian Sch of Med at UNLV,Surgery-General
171,Dignity Health East Valley Program,Susan,Giles,susan.giles2@imail.org,5169 S Cottonwood St,Surgery-General
172,Dignity Health East Valley Program,Lori,Bybee,lori.bybee@hsc.utah.edu,Univ of Utah Med Ctr,Surgery-General
173,Kern Medical Center Program,Juan,Peregrina,juan.peregrina@kernmedical.com,1700 Mt Vernon Ave,Surgery-General
174,Kern Medical Center Program,Shauna,Stires,stiress@armc.sbcounty.gov,Arrowhead Regional Med Ctr,Surgery-General
175,Kern Medical Center Program,Katherine,Frazier,knfrazier@sjgh.org,San Joaquin General Hospital,Surgery-General
176,Kern Medical Center Program,Valerie,Pamatmat,valerie.pamatmat@ucsf.edu,UCSF Fresno,Surgery-General
177,Kern Medical Center Program,Lupita,Nuno,gnuno@health.ucsd.edu,UCSD Health,Surgery-General
178,Kern Medical Center Program,Amy,Albright,aalbright@llu.edu,Loma Linda Univ Health,Surgery-General
179,Kern Medical Center Program,Van,Chau,van.chau@cshs.org,Cedars-Sinai Med Ctr,Surgery-General
180,Kern Medical Center Program,Velinda,Fulton,velinda.fulton@med.usc.edu,LAC+USC Med Ctr,Surgery-General
181,Kern Medical Center Program,Program,Coordinator,socal.residency@kp.org,Kaiser Permanente Regional Offices,Surgery-General
182,Kern Medical Center Program,Chi,Quach,cquach@mednet.ucla.edu,David Geffen Sch of Med at UCLA,Surgery-General
183,Kern Medical Center Program,Beatriz,Leong,b.leong@ruhealth.org,Riverside Univ Health System,Surgery-General
184,Kern Medical Center Program,Jonathan,Bartolome,jbartolome@alamedahealthsystem.org,Alameda Health System-Highland Hosp,Surgery-General
185,Kern Medical Center Program,Alexandra,Leone,aleone1@hs.uci.edu,UC Irvine Med Ctr,Surgery-General
186,Kern Medical Center Program,Dolly,Diaz,dolly.diaz@tenethealth.com,Desert Regional Med Ctr,Surgery-General
187,Kern Medical Center Program,Jessica,Reed,jessica.reed@huntingtonhealth.org,Huntington Hospital,Surgery-General
188,Kern Medical Center Program,Jan,Quiram,jan.quiram@hcahealthcare.com,Riverside Community Hosp,Surgery-General
189,Kern Medical Center Program,Patricia,Barnes,srmcsurgeryresidency@sutterhealth.org,Sutter Roseville Med Ctr,Surgery-General
190,Kern Medical Center Program,Jennifer,Hibbs,jmdamon@ucdavis.edu,UC Davis Med Ctr,Surgery-General
191,Kern Medical Center Program,Michael,Roman,michael.v.roman.civ@health.mil,Naval Med Ctr San Diego,Surgery-General
192,Kern Medical Center Program,Rachelle,Bresnahan,educationoffice@ucsf.edu,UCSF Med Ctr,Surgery-General
193,Kern Medical Center Program,Veronica,Campuzano,vcampuza@sbch.org,Santa Barbara Cottage Hosp,Surgery-General
194,Kern Medical Center Program,General Surgery,Residency Office,generalsurgeryresidency@stanford.edu,Stanford Univ Med Ctr,Surgery-General
195,Kern Medical Center Program,Denise,Bell,denise.bell@hcahealthcare.com,Los Robles Regional Med Ctr,Surgery-General
196,Kern Medical Center Program,Andrea,Ossea,andrea.ossea@lundquist.org,Harbor-UCLA Med Ctr,Surgery-General
197,Kern Medical Center Program,Krizia,Yap,kyap@cmhshealth.org,Community Memorial Health System,Surgery-General
198,Hospital Episcopal San Lucas/Ponce School of Medicine Program,Jorge,Martinez,surgeryresidencyprogram@gmail.com,Hosp Episcopal San Lucas,Surgery-General
199,Hospital Episcopal San Lucas/Ponce School of Medicine Program,Angelica,Rivera,angelica.rivera5@upr.edu,Univ of Puerto Rico Med Science Campus,Surgery-General
