,email
0,couzota@rwjms.rutgers.edu
1,gina.apuzzio@rwjbh.org
2,emily.marantz@rwjbh.org
3,stephanie.stenner@mssm.edu
4,obgynmededucation@med.cornell.edu
5,sd2817@cumc.columbia.edu
6,Olga.Smuklavsky@nyulangone.org
7,bertha.orochena@rwjbh.org
8,james.wittig@atlantichealth.org
9,massiell.florimon@mountsinai.org
10,randie.godette@nyulangone.org
11,academictraining@hss.edu
12,jw2712@columbia.edu
13,akmedres@uw.edu
14,annaruth.steelman@bhsala.com
15,tpickens@uabmc.edu
16,ldgoodwin@southeasthealth.org
17,ana.peters@infirmaryhealth.org
18,sheila.mccord@namccares.com
19,lisastewart@uabmc.edu
20,carrie_buss@crestwoodmedcenter.com
21,keardley@health.southalabama.edu
22,montgomeryim@uabmc.edu
23,imgme@eamc.org
24,imresidency@whiteriverhealth.org
25,blaire.williams@conwayregional.org
26,imresidency@luminishealth.org
27,umcapim@umm.edu
28,mghimresidency@partners.org
29,improg@umich.edu
30,malier@dmc.org
31,Harris@umhsparrow.org
32,julie.mchugh@corewellhealth.org
33,simon.alrihani@ascension.org
34,CAresti@connecticutchildrens.org
35,peds.residency@yale.edu
36,dreyes@lifespan.org
37,cynthia.l.loseby@hitchcock.org
38,erica.lunden@baystatehealth.org
39,lbreton@mgh.harvard.edu
40,bcrp@childrens.harvard.edu
41,kenzi.nelson@uvmhealth.org
42,cassani@med.usc.edusurgeryresidency@bayhealth.org
43,mculler@christianacare.org
44,mads.turley@christianacare.org
45,lindsey.killian@nemours.org
46,victoria.lester@christianacare.org
47,brandy.stepaniak@mwhc.com
48,ex9cz@uvahealth.org
49,anesthesiology@virginia.edu
50,evan.marmerstein@vcuhealth.org
51,coronda.lee@vcuhealth.org
52,amber.cox@vcuhealth.org
53,victoria.sanchez@tuhs.temple.edu
54,pennneuroresidency@uphs.upenn.edu
55,taylor.thompson@jefferson.edu
56,amanda.campbell@towerhealth.org
57,AnesEducationOffice@pennmedicine.upenn.edu
58,myeshia.brooks@jefferson.edu
59,sharron.copper@tuhs.temple.edu
60,rsells@pennstatehealth.psu.edu
61,michelle.hoffman@jefferson.edu
62,stewart.pillow@vcuhealth.org
63,kathryn.bird@tuhs.temple.edu
64,ann.chowdhuryjohnson@dignityhealth.org
65,warfield.linda@mayo.edu
66,rgoeller@neurology.arizona.edu
67,noel.tuccy@healthonecares.com
68,maloneyj72793@salud.unm.edu
69,alexis.n.williamson@medstar.net
70,aned@ccf.org
71,recruitment@anest.ufl.edu
72,dhummel@northwell.edu
73,garciar9@ccf.org
74,laschiro@ochsner.org
75,ilr1@gwu.edu
76,ismith@msmc.com
77,aabiamiri@jhmi.edu
78,katie.snow@hsc.utah.edu
79,ludwig.taylor@mayo.edu
80,phoskins@utmck.edu
81,billie.jean.bruno@hitchcock.org
82,anesthe1@kumc.edu
83,chastity.mclendon@duke.edu
84,mguerra1@ascension.org
85,tlogan2@kumc.edu
86,umhsgmeneuro@health.missouri.edu
87,ctorres3@garnethealth.org
88,neuroresidency@health.ucsd.edu
89,ea2753@cumc.columbia.edu
90,leiter@msu.edu
91,kayleigh.brewer@utoledo.edu
92,kelly.parm@trinity-health.org
93,elizabeth.garcia4@hcahealthcare.com
94,cwoods@mfa.gwu.edu
95,kcreighton@tulane.edu
96,leticia.rodriguez2@upr.edu
97,neurology.gme@jax.ufl.edu
98,ms.neur.coordinator@uth.tmc.edu
99,ppatimavirujh@msm.edu
100,ssmith38@bidmc.harvard.edu
101,candida.carrillo@orlandohealth.com
102,deleon.b.mitchell@gunet.georgetown.edu
103,neurology_dept@brown.edu
104,lowens@bcm.edu
105,jaclyn.gross@sanfordhealth.org
106,crystal.vires@uky.edu
107,laura.b.hall@vumc.org
108,cmorri94@uthsc.edu
109,darian.jones@lsuhs.edu
110,neurologyresidency@mhs.net
111,shilpa.chitnis@uttyler.edu
112,jmdelaro@utmb.edu
113,neuroapplicants@downstate.edu
114,Madison.L.Cornell@tuftsmedicine.org
115,gd326@njms.rutgers.edu
116,lidia.dordevic@va.gov
117,socal.residency@kp.org
118,ortizb2@ccf.org
119,maria.hanelin@tmcaz.com
120,sorfalea@sbch.org
121,pedsresidency@health.ucsd.edu
122,kristen.wilcox@baycare.org
123,pedrespro@childrenscolorado.org
124,shiellamarie.l.pia.civ@health.mil
125,natanya.diaz@luhs.org
126,tara.mccormack@jax.ufl.edu
127,Ped.Education@hsc.utah.edu
128,esanchez@bhmcny.org
129,anthony.pearsonshaver@hcahealthcare.com
130,swilson9@dmc.org
131,susan-leydenschevers@uiowa.edu
132,dgretzinger@ascension.org
133,ligia.ruiz@nychhc.org
134,hs-pedsresidency@ucdavis.edu
135,sarah.julsrud@und.edu
136,janice.l.thompson@gunet.georgetown.edu
137,shenders@numc.edu
138,KJDelgado@sanjuan.pr
139,gmepediatrics@metrohealth.org
140,jgreene2@valleychildrens.org
141,tammy.vanderbilt@cchmc.org
142,julia.oswalt@wmed.edu
143,pedsres@slucare.ssmhealth.com
144,PedsCoordinators@uky.edu
145,mhossain-gme@authorityhealth.org
146,dalyk@amc.edu
147,sarah.k.anisowicz.mil@health.mil
148,savannah.britt@vumc.org
149,yarilyz.santiago@upr.edu
150,pedsresidency@hs.uci.edu
151,tsusi@wyckoffhospital.org
152,uabkids@peds.uab.edu
153,jbiegel@lifebridgehealth.org
154,kiley.alpert@atlantichealth.org
155,dbryan14@uthsc.edu
156,teresa.beard@atriumhealth.org
157,vgreen@msm.edu
158,nchpedsres@nemours.org
159,cmedpediatrics@cmich.edu
160,calaind@etsu.edu
161,yog9004@nyp.org
162,hanna.hubbard@corewellhealth.org
163,katherine.castillo@ucsf.edu
164,ccolpitts@unmc.edu
165,trixy.bulda@kp.org
166,calvin.lee2@cshs.org
167,pedres@childrensnational.org
168,azerbo@upa.chob.edu
169,candace.herman@rwjbh.org
170,kwame.luke@downstate.edu
171,donna.melero@aah.org
172,kuanchen@saintpetersuh.com
173,sophia.smith2@ascension.org
174,umpedsed@umich.edu
175,pedsresidency@browardhealth.org
176,ach-prpedsresidency@aah.org
177,jodi.gould@umhsparrow.org
178,calanom@ufl.edu
179,maria.rodriguez@nychhc.org
180,recruitment@bsd.uchicago.edu
181,ashleigh.clark@hcahealthcare.com
182,pedsres@mednet.ucla.edu
183,krwilliams@cookcountyhhs.org
184,rhondaprudhomme@fullcircleidaho.org
185,hillak@sjhmc.org
186,aranda-alyssa@cooperhealth.edu
187,maggie.ritter@corewellhealth.org
188,pedsres@stanfordchildrens.org
189,pedsres@orlandohealth.com
190,judysyta2003@yahoo.com
191,tlliving@uic.edu
192,pedsresidency@med.unr.edu
193,jackerman51@siumed.edu
194,claudia_b_reyes@rush.edu
195,melissahorne@arizona.edu
196,peds.coordinator@Nicklaushealth.org
197,arobert5@hurleymc.com
198,UNKNOWN
199,jmayer2@kumc.edu
200,sdeegan@maimonidesmed.org
201,ebonni.shaw@rwjbh.org
202,mflores@bronxcare.org
203,esavic2@jhmi.edu
204,pedsspokane.medicine@wsu.edu
205,jde59@rwjms.rutgers.edu
206,pedsres@luriechildrens.org
207,crystal.r.paresa.civ@health.mil
208,salford@kpigme.com
209,terri.eddy@unlv.edu
210,schultz.dawn@mayo.edu
211,cristina.moser@unitypoint.org
212,cassani@med.usc.edu
213,Kathleen.Sheppard@ascension.org
214,nadair@health.southalabama.edu
215,norisbel.gonzalez@nychhc.org
216,programcoordinator@cmh.edu
217,ashley.thurston@erlanger.org
218,carollynn.capizzi@hmhn.org
219,mthaw@umc.edu
220,cfrancis@dhs.lacounty.gov
221,kiarra.cannon@nemours.org
222,ymarrero@bayamon-medical.com
223,ddural@hawaiiresidency.org
224,amy.perez@nychhc.org
225,prp@chla.usc.edu
226,pedsres@umn.edu
227,peds_residency_program@augusta.edu
228,amendez@montefiore.org
229,cmayes@akronchildrens.org
230,brittney.luckett@louisville.edu
231,nikki.hollander@wustl.edu
232,sbarker@phoenixchildrens.com
233,eajohn@iu.edu
234,clroland@llu.edu
235,paulina@usf.edu
236,pedsprog@uic.edu
237,hsc-pediatric-residency@salud.unm.edu
238,vdechard@med.miami.edu
239,bree.godoy@ucsf.edu
240,kmm@jhmi.edu
241,taylor.dalrymple@hmhn.org
242,kseams@sbhny.org
243,grubbsm@ohsu.edu
244,nancy.ramos@adventhealth.com
245,lfriascastillo@mhs.net
246,megan.quandt@sanfordhealth.org
247,uwpeds@seattlechildrens.org
248,thuyloan.nguyen@ucsf.edu
249,adamspe@health.missouri.edu
250,jrile02@emory.edu
